timestamp,balance_usdt,activo,operacion,precio_ejecucion,balance_btc,monto_invertido
2026-03-10 11:30:00,10000.0,CASH,START,0.0,0.0,0.0
2026-03-10 11:54:41,10000.0,BTC,SELL_OR_WAIT,70664.3,0.0,0.0
2026-03-10 12:44:50,10000.0,BTC,SELL_OR_WAIT,70447.5,0.0,0.0
2026-03-10 13:58:41,10000.0,BTC,SELL_OR_WAIT,69869.7,0.0,0.0
2026-03-10 14:52:40,10000.0,BTC,SELL_OR_WAIT,70833.0,0.0,0.0
2026-03-10 15:56:15,10000.0,BTC,SELL_OR_WAIT,70992.9,0.0,0.0
2026-03-10 16:53:29,10000.0,BTC,SELL_OR_WAIT,71371.9,0.0,0.0
2026-03-10 17:42:20,10000.0,BTC,SELL_OR_WAIT,70642.3,0.0,0.0
2026-03-10 18:39:56,10000.0,BTC,SELL_OR_WAIT,70124.0,0.0,0.0
2026-03-10 19:34:54,10000.0,BTC,SELL_OR_WAIT,69866.9,0.0,0.0
2026-03-10 20:27:41,10000.0,BTC,SELL_OR_WAIT,70200.2,0.0,0.0
2026-03-10 21:25:15,10000.0,BTC,SELL_OR_WAIT,70031.5,0.0,0.0
2026-03-10 22:22:24,10000.0,BTC,SELL_OR_WAIT,69516.9,0.0,0.0
2026-03-10 23:22:09,10000.0,BTC,SELL_OR_WAIT,69725.8,0.0,0.0
2026-03-11 01:24:21,10000.0,BTC,SELL_OR_WAIT,70043.5,0.0,0.0
2026-03-11 04:05:15,10000.0,BTC,SELL_OR_WAIT,69529.5,0.0,0.0
2026-03-11 05:44:05,10000.0,BTC,SELL_OR_WAIT,69532.4,0.0,0.0
2026-03-11 06:44:17,10000.0,BTC,SELL_OR_WAIT,69826.2,0.0,0.0
2026-03-11 07:40:03,10000.0,BTC,SELL_OR_WAIT,69555.4,0.0,0.0
2026-03-11 08:34:14,10000.0,BTC,SELL_OR_WAIT,69565.1,0.0,0.0
2026-03-11 09:37:22,10000.0,BTC,SELL_OR_WAIT,69526.9,0.0,0.0
2026-03-11 10:33:38,10000.0,BTC,SELL_OR_WAIT,69510.4,0.0,0.0
2026-03-11 11:29:07,10000.0,BTC,SELL_OR_WAIT,69444.7,0.0,0.0
2026-03-11 12:44:28,10000.0,BTC,SELL_OR_WAIT,69233.6,0.0,0.0
2026-03-11 14:02:54,10000.0,BTC,SELL_OR_WAIT,70712.5,0.0,0.0
2026-03-11 15:42:23,10000.0,BTC,SELL_OR_WAIT,70231.6,0.0,0.0
2026-03-11 16:44:18,10000.0,BTC,SELL_OR_WAIT,70647.4,0.0,0.0
2026-03-11 17:44:47,10000.0,BTC,SELL_OR_WAIT,70818.8,0.0,0.0
2026-03-11 18:46:41,10000.0,BTC,SELL_OR_WAIT,70535.2,0.0,0.0
2026-03-11 19:38:41,10000.0,BTC,SELL_OR_WAIT,70739.6,0.0,0.0
2026-03-11 20:28:48,10000.0,BTC,SELL_OR_WAIT,70437.2,0.0,0.0
2026-03-11 21:27:58,10000.0,BTC,SELL_OR_WAIT,70552.9,0.0,0.0
2026-03-11 22:22:10,10000.0,BTC,SELL_OR_WAIT,70636.8,0.0,0.0
2026-03-11 23:20:16,10000.0,BTC,SELL_OR_WAIT,70372.2,0.0,0.0
2026-03-12 01:24:05,10000.0,BTC,SELL_OR_WAIT,69967.9,0.0,0.0
2026-03-12 04:09:32,10000.0,BTC,SELL_OR_WAIT,69639.4,0.0,0.0
2026-03-12 05:45:56,10000.0,BTC,SELL_OR_WAIT,69495.1,0.0,0.0
2026-03-12 06:46:04,10000.0,BTC,SELL_OR_WAIT,69477.5,0.0,0.0
2026-03-12 07:42:34,10000.0,BTC,SELL_OR_WAIT,69708.8,0.0,0.0
2026-03-12 08:36:08,10000.0,BTC,SELL_OR_WAIT,69829.8,0.0,0.0
2026-03-12 09:37:27,10000.0,BTC,SELL_OR_WAIT,69814.0,0.0,0.0
2026-03-12 10:33:44,10000.0,BTC,SELL_OR_WAIT,70214.3,0.0,0.0
2026-03-12 11:28:38,10000.0,BTC,SELL_OR_WAIT,70439.2,0.0,0.0
2026-03-12 12:44:00,10000.0,BTC,SELL_OR_WAIT,70407.6,0.0,0.0
2026-03-12 13:59:53,10000.0,BTC,SELL_OR_WAIT,69962.6,0.0,0.0
2026-03-12 14:56:17,10000.0,BTC,SELL_OR_WAIT,69457.4,0.0,0.0
2026-03-12 15:55:56,10000.0,BTC,SELL_OR_WAIT,70306.0,0.0,0.0
2026-03-12 16:55:30,10000.0,BTC,SELL_OR_WAIT,70469.5,0.0,0.0
2026-03-12 17:44:50,10000.0,BTC,SELL_OR_WAIT,70368.5,0.0,0.0
2026-03-12 18:44:43,10000.0,BTC,SELL_OR_WAIT,69953.6,0.0,0.0
2026-03-12 19:39:16,10000.0,BTC,SELL_OR_WAIT,70311.4,0.0,0.0
2026-03-12 20:28:44,10000.0,BTC,SELL_OR_WAIT,70322.5,0.0,0.0
2026-03-12 21:27:59,10000.0,BTC,SELL_OR_WAIT,70291.9,0.0,0.0
2026-03-12 22:19:41,10000.0,BTC,SELL_OR_WAIT,70162.6,0.0,0.0
2026-03-12 23:22:30,10000.0,BTC,SELL_OR_WAIT,70729.9,0.0,0.0
2026-03-13 01:27:55,10000.0,BTC,SELL_OR_WAIT,71571.3,0.0,0.0
2026-03-13 04:07:33,10000.0,BTC,SELL_OR_WAIT,71359.6,0.0,0.0
2026-03-13 05:44:23,10000.0,BTC,SELL_OR_WAIT,71603.7,0.0,0.0
2026-03-13 06:44:07,10000.0,BTC,SELL_OR_WAIT,71258.1,0.0,0.0
2026-03-13 07:41:36,10000.0,BTC,SELL_OR_WAIT,71574.3,0.0,0.0
2026-03-13 08:33:47,10000.0,BTC,SELL_OR_WAIT,71691.1,0.0,0.0
2026-03-13 09:34:10,10000.0,BTC,SELL_OR_WAIT,71927.5,0.0,0.0
2026-03-13 10:30:50,10000.0,BTC,SELL_OR_WAIT,72349.0,0.0,0.0
2026-03-13 11:27:07,10000.0,BTC,SELL_OR_WAIT,72408.7,0.0,0.0
2026-03-13 12:43:04,10000.0,BTC,SELL_OR_WAIT,72417.1,0.0,0.0
2026-03-13 13:56:52,10000.0,BTC,SELL_OR_WAIT,73475.0,0.0,0.0
2026-03-13 14:40:53,10000.0,BTC,SELL_OR_WAIT,73522.2,0.0,0.0
2026-03-13 15:37:31,10000.0,BTC,SELL_OR_WAIT,72267.7,0.0,0.0
2026-03-13 16:33:47,10000.0,BTC,SELL_OR_WAIT,71625.9,0.0,0.0
2026-03-13 17:30:56,10000.0,BTC,SELL_OR_WAIT,71618.0,0.0,0.0
2026-03-13 18:33:39,10000.0,BTC,SELL_OR_WAIT,71229.9,0.0,0.0
2026-03-13 19:27:59,10000.0,BTC,SELL_OR_WAIT,71058.5,0.0,0.0
2026-03-13 20:28:10,10000.0,BTC,SELL_OR_WAIT,71299.6,0.0,0.0
2026-03-13 21:28:25,10000.0,BTC,SELL_OR_WAIT,71220.8,0.0,0.0
2026-03-13 22:22:48,10000.0,BTC,SELL_OR_WAIT,70687.2,0.0,0.0
2026-03-13 23:22:35,10000.0,BTC,SELL_OR_WAIT,70869.4,0.0,0.0
2026-03-14 01:26:13,10000.0,BTC,SELL_OR_WAIT,70791.8,0.0,0.0
2026-03-14 04:06:16,10000.0,BTC,SELL_OR_WAIT,71100.5,0.0,0.0
2026-03-14 05:41:32,10000.0,BTC,SELL_OR_WAIT,70978.7,0.0,0.0
2026-03-14 06:39:31,10000.0,BTC,SELL_OR_WAIT,70530.2,0.0,0.0
2026-03-14 07:31:52,10000.0,BTC,SELL_OR_WAIT,70715.4,0.0,0.0
2026-03-14 08:28:55,10000.0,BTC,SELL_OR_WAIT,70655.5,0.0,0.0
2026-03-14 09:27:17,10000.0,BTC,SELL_OR_WAIT,70682.9,0.0,0.0
2026-03-14 10:22:19,10000.0,BTC,SELL_OR_WAIT,70466.5,0.0,0.0
2026-03-14 11:19:34,10000.0,BTC,SELL_OR_WAIT,70668.7,0.0,0.0
2026-03-14 12:37:19,10000.0,BTC,SELL_OR_WAIT,70615.1,0.0,0.0
2026-03-14 13:41:33,10000.0,BTC,SELL_OR_WAIT,70877.6,0.0,0.0
2026-03-14 14:22:42,10000.0,BTC,SELL_OR_WAIT,70777.1,0.0,0.0
2026-03-14 15:22:50,10000.0,BTC,SELL_OR_WAIT,70712.2,0.0,0.0
2026-03-14 16:24:37,10000.0,BTC,SELL_OR_WAIT,70616.8,0.0,0.0
2026-03-14 17:22:32,10000.0,BTC,SELL_OR_WAIT,70692.3,0.0,0.0
2026-03-14 18:29:38,10000.0,BTC,SELL_OR_WAIT,70615.2,0.0,0.0
2026-03-14 19:23:13,10000.0,BTC,SELL_OR_WAIT,70674.3,0.0,0.0
2026-03-14 20:21:38,10000.0,BTC,SELL_OR_WAIT,70720.4,0.0,0.0
2026-03-14 21:21:17,10000.0,BTC,SELL_OR_WAIT,70690.8,0.0,0.0
2026-03-14 22:20:22,10000.0,BTC,SELL_OR_WAIT,70726.8,0.0,0.0
2026-03-14 23:22:24,10000.0,BTC,SELL_OR_WAIT,70994.3,0.0,0.0
2026-03-15 01:51:50,10000.0,BTC,SELL_OR_WAIT,70996.4,0.0,0.0
2026-03-15 04:29:05,10000.0,BTC,SELL_OR_WAIT,71545.6,0.0,0.0
2026-03-15 06:03:10,10000.0,BTC,SELL_OR_WAIT,71567.9,0.0,0.0
2026-03-15 07:41:27,10000.0,BTC,SELL_OR_WAIT,71475.5,0.0,0.0
2026-03-15 08:30:15,10000.0,BTC,SELL_OR_WAIT,71558.5,0.0,0.0
2026-03-15 09:29:24,10000.0,BTC,SELL_OR_WAIT,71825.6,0.0,0.0
2026-03-15 10:24:24,10000.0,BTC,SELL_OR_WAIT,71840.7,0.0,0.0
2026-03-15 11:22:10,10000.0,BTC,SELL_OR_WAIT,71753.7,0.0,0.0
2026-03-15 12:39:06,10000.0,BTC,SELL_OR_WAIT,71723.3,0.0,0.0
2026-03-15 13:43:04,10000.0,BTC,SELL_OR_WAIT,71328.1,0.0,0.0
2026-03-15 14:25:26,10000.0,BTC,SELL_OR_WAIT,71455.0,0.0,0.0
2026-03-15 15:23:45,10000.0,BTC,SELL_OR_WAIT,71534.8,0.0,0.0
2026-03-15 16:25:38,10000.0,BTC,SELL_OR_WAIT,71361.0,0.0,0.0
2026-03-15 17:23:34,10000.0,BTC,SELL_OR_WAIT,71496.9,0.0,0.0
2026-03-15 18:31:06,10000.0,BTC,SELL_OR_WAIT,71818.5,0.0,0.0
2026-03-15 19:23:50,10000.0,BTC,SELL_OR_WAIT,71502.7,0.0,0.0
2026-03-15 20:22:23,10000.0,BTC,SELL_OR_WAIT,71510.0,0.0,0.0
2026-03-15 21:23:21,10000.0,BTC,SELL_OR_WAIT,71729.3,0.0,0.0
2026-03-15 22:22:13,10000.0,BTC,SELL_OR_WAIT,71890.4,0.0,0.0
2026-03-15 23:23:54,10000.0,BTC,SELL_OR_WAIT,72571.0,0.0,0.0
2026-03-16 01:52:45,10000.0,BTC,SELL_OR_WAIT,72745.3,0.0,0.0
2026-03-16 04:36:21,10000.0,BTC,SELL_OR_WAIT,73729.0,0.0,0.0
2026-03-16 06:17:22,10000.0,BTC,SELL_OR_WAIT,73721.9,0.0,0.0
2026-03-16 08:05:22,10000.0,BTC,SELL_OR_WAIT,73661.7,0.0,0.0
2026-03-16 10:00:21,10000.0,BTC,SELL_OR_WAIT,73275.9,0.0,0.0
2026-03-16 11:01:35,10000.0,BTC,SELL_OR_WAIT,73726.6,0.0,0.0
2026-03-16 12:57:43,10000.0,BTC,SELL_OR_WAIT,73868.3,0.0,0.0
2026-03-16 14:21:08,10000.0,BTC,SELL_OR_WAIT,74217.5,0.0,0.0
2026-03-16 16:00:36,10000.0,BTC,SELL_OR_WAIT,73261.8,0.0,0.0
2026-03-16 17:12:28,10000.0,BTC,SELL_OR_WAIT,73818.3,0.0,0.0
2026-03-16 18:54:27,10000.0,BTC,SELL_OR_WAIT,74015.7,0.0,0.0
2026-03-16 19:51:16,10000.0,BTC,SELL_OR_WAIT,73945.4,0.0,0.0
2026-03-16 20:32:41,10000.0,BTC,SELL_OR_WAIT,74033.5,0.0,0.0
2026-03-16 21:34:06,10000.0,BTC,SELL_OR_WAIT,74352.2,0.0,0.0
2026-03-16 22:27:17,10000.0,BTC,SELL_OR_WAIT,74604.6,0.0,0.0
2026-03-16 23:26:32,10000.0,BTC,SELL_OR_WAIT,74570.9,0.0,0.0
2026-03-17 01:29:50,10000.0,BTC,SELL_OR_WAIT,75917.5,0.0,0.0
2026-03-17 04:12:55,10000.0,BTC,SELL_OR_WAIT,74612.3,0.0,0.0
2026-03-17 05:55:48,10000.0,BTC,SELL_OR_WAIT,74069.4,0.0,0.0
2026-03-17 06:57:13,10000.0,BTC,SELL_OR_WAIT,74069.6,0.0,0.0
2026-03-17 07:53:45,10000.0,BTC,SELL_OR_WAIT,74276.7,0.0,0.0
2026-03-17 08:44:18,10000.0,BTC,SELL_OR_WAIT,74421.2,0.0,0.0
2026-03-17 09:51:32,10000.0,BTC,SELL_OR_WAIT,74128.8,0.0,0.0
2026-03-17 10:44:41,10000.0,BTC,SELL_OR_WAIT,73761.4,0.0,0.0
2026-03-17 11:40:15,10000.0,BTC,SELL_OR_WAIT,74099.0,0.0,0.0
2026-03-17 12:58:11,10000.0,BTC,SELL_OR_WAIT,73730.2,0.0,0.0
2026-03-17 14:19:29,10000.0,BTC,SELL_OR_WAIT,73657.7,0.0,0.0
2026-03-17 15:59:58,10000.0,BTC,SELL_OR_WAIT,73925.1,0.0,0.0
2026-03-17 17:09:42,10000.0,BTC,SELL_OR_WAIT,74213.6,0.0,0.0
2026-03-17 18:54:05,10000.0,BTC,SELL_OR_WAIT,74739.6,0.0,0.0
2026-03-17 19:52:16,10000.0,BTC,SELL_OR_WAIT,74539.2,0.0,0.0
2026-03-17 20:33:33,10000.0,BTC,SELL_OR_WAIT,74607.7,0.0,0.0
2026-03-17 21:32:10,10000.0,BTC,SELL_OR_WAIT,74512.9,0.0,0.0
2026-03-17 22:27:30,10000.0,BTC,SELL_OR_WAIT,74428.3,0.0,0.0
2026-03-17 23:27:19,10000.0,BTC,SELL_OR_WAIT,74207.9,0.0,0.0
2026-03-18 01:46:00,10000.0,BTC,SELL_OR_WAIT,74195.0,0.0,0.0
2026-03-18 04:20:19,10000.0,BTC,SELL_OR_WAIT,74399.9,0.0,0.0
2026-03-18 05:59:30,10000.0,BTC,SELL_OR_WAIT,73962.6,0.0,0.0
2026-03-18 07:08:05,10000.0,BTC,SELL_OR_WAIT,73896.0,0.0,0.0
2026-03-18 08:41:04,10000.0,BTC,SELL_OR_WAIT,74059.4,0.0,0.0
2026-03-18 09:47:02,10000.0,BTC,SELL_OR_WAIT,74245.0,0.0,0.0
2026-03-18 10:45:17,10000.0,BTC,SELL_OR_WAIT,73875.2,0.0,0.0
2026-03-18 11:41:21,10000.0,BTC,SELL_OR_WAIT,73041.6,0.0,0.0
2026-03-18 12:57:28,10000.0,BTC,SELL_OR_WAIT,72434.0,0.0,0.0
2026-03-18 14:21:39,9000.0,BTC,BUY_TACTICAL,71939.3,0.013901,1000.0
2026-03-18 16:05:01,8100.0,BTC,BUY_TACTICAL,71356.7,0.026514,900.0
2026-03-18 17:57:05,7938.0,BTC,BUY_DCA,71643.1,0.028775,162.0
2026-03-18 18:57:28,7144.2,BTC,BUY_TACTICAL,71036.4,0.03995,793.8
2026-03-18 19:48:27,6429.78,BTC,BUY_TACTICAL,71045.2,0.050006,714.42
2026-03-18 20:30:09,6301.18,BTC,BUY_DCA,70988.4,0.051818,128.6
2026-03-18 21:29:29,6301.18,BTC,SELL_OR_WAIT,71246.1,0.051818,0.0
2026-03-18 22:27:56,6301.18,BTC,SELL_OR_WAIT,71050.4,0.051818,0.0
2026-03-18 23:26:37,6301.18,BTC,SELL_OR_WAIT,71150.8,0.051818,0.0
2026-03-19 01:46:37,6301.18,BTC,SELL_OR_WAIT,71142.0,0.051818,0.0
2026-03-19 04:18:16,6301.18,BTC,SELL_OR_WAIT,70912.6,0.051818,0.0
2026-03-19 05:54:37,6301.18,BTC,SELL_OR_WAIT,70825.2,0.051818,0.0
2026-03-19 06:51:43,6301.18,BTC,SELL_OR_WAIT,70626.8,0.051818,0.0
2026-03-19 07:43:21,6301.18,BTC,SELL_OR_WAIT,70150.9,0.051818,0.0
2026-03-19 08:36:24,6301.18,BTC,SELL_OR_WAIT,70063.1,0.051818,0.0
2026-03-19 09:37:43,6301.18,BTC,SELL_OR_WAIT,70297.0,0.051818,0.0
2026-03-19 10:34:34,6301.18,BTC,SELL_OR_WAIT,70325.7,0.051818,0.0
2026-03-19 11:31:23,6301.18,BTC,SELL_OR_WAIT,70214.5,0.051818,0.0
2026-03-19 12:51:33,6301.18,BTC,SELL_OR_WAIT,69306.4,0.051818,0.0
2026-03-19 14:05:41,6301.18,BTC,SELL_OR_WAIT,69830.3,0.051818,0.0
2026-03-19 15:48:31,6301.18,BTC,SELL_OR_WAIT,69044.0,0.051818,0.0
2026-03-19 16:52:27,6301.18,BTC,SELL_OR_WAIT,69334.0,0.051818,0.0
2026-03-19 17:50:36,6301.18,BTC,SELL_OR_WAIT,69713.1,0.051818,0.0
2026-03-19 18:48:49,6301.18,BTC,SELL_OR_WAIT,69662.0,0.051818,0.0
2026-03-19 19:43:00,6301.18,BTC,SELL_OR_WAIT,70436.5,0.051818,0.0
2026-03-19 20:30:52,6301.18,BTC,SELL_OR_WAIT,70330.8,0.051818,0.0
2026-03-19 21:30:20,6301.18,BTC,SELL_OR_WAIT,70580.1,0.051818,0.0
2026-03-19 22:22:15,6301.18,BTC,SELL_OR_WAIT,70373.9,0.051818,0.0
2026-03-19 23:24:59,6301.18,BTC,SELL_OR_WAIT,70026.0,0.051818,0.0
2026-03-20 01:28:55,6301.18,BTC,SELL_OR_WAIT,70403.4,0.051818,0.0
2026-03-20 04:09:25,6301.18,BTC,SELL_OR_WAIT,70929.8,0.051818,0.0
2026-03-20 05:47:49,6301.18,BTC,SELL_OR_WAIT,70671.6,0.051818,0.0
2026-03-20 06:46:56,6301.18,BTC,SELL_OR_WAIT,70479.9,0.051818,0.0
2026-03-20 07:42:07,6301.18,BTC,SELL_OR_WAIT,70823.4,0.051818,0.0
2026-03-20 08:34:32,6301.18,BTC,SELL_OR_WAIT,71202.1,0.051818,0.0
2026-03-20 09:35:27,6301.18,BTC,SELL_OR_WAIT,70662.2,0.051818,0.0
2026-03-20 10:32:39,6301.18,BTC,SELL_OR_WAIT,70365.1,0.051818,0.0
2026-03-20 11:27:43,6301.18,BTC,SELL_OR_WAIT,70708.2,0.051818,0.0
2026-03-20 12:43:54,6301.18,BTC,SELL_OR_WAIT,70324.1,0.051818,0.0
2026-03-20 13:58:14,6301.18,BTC,SELL_OR_WAIT,69879.9,0.051818,0.0
2026-03-20 14:43:01,6301.18,BTC,SELL_OR_WAIT,70078.8,0.051818,0.0
2026-03-20 15:37:47,6301.18,BTC,SELL_OR_WAIT,69905.8,0.051818,0.0
2026-03-20 16:36:40,6301.18,BTC,SELL_OR_WAIT,69773.3,0.051818,0.0
2026-03-20 17:32:02,6301.18,BTC,SELL_OR_WAIT,69611.0,0.051818,0.0
2026-03-20 18:39:32,6301.18,BTC,SELL_OR_WAIT,69678.0,0.051818,0.0
2026-03-20 19:34:07,6301.18,BTC,SELL_OR_WAIT,69814.6,0.051818,0.0
2026-03-20 20:25:53,6301.18,BTC,SELL_OR_WAIT,70005.4,0.051818,0.0
2026-03-20 21:25:02,6301.18,BTC,SELL_OR_WAIT,70454.1,0.051818,0.0
2026-03-20 22:22:29,6301.18,BTC,SELL_OR_WAIT,70763.1,0.051818,0.0
2026-03-20 23:23:51,6301.18,BTC,SELL_OR_WAIT,70537.2,0.051818,0.0
2026-03-21 01:24:19,6301.18,BTC,SELL_OR_WAIT,70630.9,0.051818,0.0
2026-03-21 04:00:32,6301.18,BTC,SELL_OR_WAIT,70678.2,0.051818,0.0
2026-03-21 05:10:18,6301.18,BTC,SELL_OR_WAIT,70645.4,0.051818,0.0
2026-03-21 06:35:39,6301.18,BTC,SELL_OR_WAIT,70748.9,0.051818,0.0
2026-03-21 07:29:57,6301.18,BTC,SELL_OR_WAIT,70876.6,0.051818,0.0
2026-03-21 08:25:42,6301.18,BTC,SELL_OR_WAIT,70539.7,0.051818,0.0
2026-03-21 09:26:38,6301.18,BTC,SELL_OR_WAIT,70639.8,0.051818,0.0
2026-03-21 10:20:52,6301.18,BTC,SELL_OR_WAIT,70590.9,0.051818,0.0
2026-03-21 11:18:25,6301.18,BTC,SELL_OR_WAIT,70588.4,0.051818,0.0
2026-03-21 12:35:38,6301.18,BTC,SELL_OR_WAIT,70714.4,0.051818,0.0
2026-03-21 13:38:25,6301.18,BTC,SELL_OR_WAIT,70745.2,0.051818,0.0
2026-03-21 14:21:50,6301.18,BTC,SELL_OR_WAIT,70978.0,0.051818,0.0
2026-03-21 15:20:46,6301.18,BTC,SELL_OR_WAIT,70548.8,0.051818,0.0
2026-03-21 16:22:35,6301.18,BTC,SELL_OR_WAIT,70532.8,0.051818,0.0
2026-03-21 17:21:04,6301.18,BTC,SELL_OR_WAIT,70288.2,0.051818,0.0
2026-03-21 18:28:22,6301.18,BTC,SELL_OR_WAIT,70430.4,0.051818,0.0
2026-03-21 19:19:40,6301.18,BTC,SELL_OR_WAIT,70427.6,0.051818,0.0
2026-03-21 20:19:43,6301.18,BTC,SELL_OR_WAIT,70394.0,0.051818,0.0
2026-03-21 21:19:31,6301.18,BTC,SELL_OR_WAIT,70378.3,0.051818,0.0
2026-03-21 22:18:30,6301.18,BTC,SELL_OR_WAIT,70321.7,0.051818,0.0
2026-03-21 23:19:16,6301.18,BTC,SELL_OR_WAIT,70212.4,0.051818,0.0
2026-03-22 01:45:32,6301.18,BTC,SELL_OR_WAIT,68885.5,0.051818,0.0
2026-03-22 04:14:32,6301.18,BTC,SELL_OR_WAIT,69412.6,0.051818,0.0
2026-03-22 05:49:40,6301.18,BTC,SELL_OR_WAIT,69203.2,0.051818,0.0
2026-03-22 06:42:56,6301.18,BTC,SELL_OR_WAIT,69210.9,0.051818,0.0
2026-03-22 07:35:13,6301.18,BTC,SELL_OR_WAIT,69128.7,0.051818,0.0
2026-03-22 08:28:13,5671.06,BTC,BUY_TACTICAL,68569.5,0.061007,630.12
2026-03-22 09:26:55,5557.64,BTC,BUY_DCA,68672.8,0.062659,113.42
2026-03-22 10:21:55,5446.49,BTC,BUY_DCA,68727.0,0.064276,111.15
2026-03-22 11:19:09,4901.84,BTC,BUY_TACTICAL,68639.9,0.072211,544.65
2026-03-22 12:37:20,4901.84,BTC,SELL_OR_WAIT,68610.1,0.072211,0.0
2026-03-22 13:40:00,4901.84,BTC,SELL_OR_WAIT,68655.3,0.072211,0.0
2026-03-22 14:22:47,4411.66,BTC,BUY_TACTICAL,68819.5,0.079334,490.18
2026-03-22 15:20:53,4411.66,BTC,SELL_OR_WAIT,68939.5,0.079334,0.0
2026-03-22 16:22:46,4323.43,BTC,BUY_DCA,68754.9,0.080617,88.23
2026-03-22 17:20:50,4236.96,BTC,BUY_DCA,68818.9,0.081873,86.47
2026-03-22 18:29:04,3813.26,BTC,BUY_TACTICAL,68692.9,0.088041,423.7
2026-03-22 19:21:29,3736.99,BTC,BUY_DCA,68350.8,0.089157,76.27
2026-03-22 20:20:15,3662.25,BTC,BUY_DCA,68410.3,0.09025,74.74
2026-03-22 21:21:04,3662.25,BTC,SELL_OR_WAIT,67387.2,0.09025,0.0
2026-03-22 22:19:47,3296.03,BTC,BUY_TACTICAL,67986.2,0.095637,366.23
2026-03-22 23:22:01,3296.03,BTC,SELL_OR_WAIT,68159.1,0.095637,0.0
2026-03-23 01:47:18,3230.11,BTC,BUY_DCA,68120.0,0.096605,65.92
2026-03-23 04:24:23,3165.51,BTC,BUY_DCA,68170.1,0.097553,64.6
2026-03-23 06:07:31,3165.51,BTC,SELL_OR_WAIT,68709.8,0.097553,0.0
2026-03-23 07:59:10,3102.2,BTC,BUY_DCA,68329.0,0.09848,63.31
2026-03-23 09:01:57,3102.2,BTC,SELL_OR_WAIT,68384.3,0.09848,0.0
2026-03-23 10:47:57,3102.2,BTC,SELL_OR_WAIT,68423.4,0.09848,0.0
2026-03-23 11:40:16,3040.16,BTC,BUY_DCA,70655.5,0.099358,62.04
2026-03-23 12:53:04,3040.16,BTC,SELL_OR_WAIT,70827.9,0.099358,0.0
2026-03-23 14:13:19,3040.16,BTC,SELL_OR_WAIT,71633.6,0.099358,0.0
2026-03-23 15:55:50,3040.16,BTC,SELL_OR_WAIT,70241.3,0.099358,0.0
2026-03-23 16:52:50,3040.16,BTC,SELL_OR_WAIT,70585.3,0.099358,0.0
2026-03-23 17:47:21,3040.16,BTC,SELL_OR_WAIT,70930.9,0.099358,0.0
2026-03-23 18:44:37,3040.16,BTC,SELL_OR_WAIT,71023.4,0.099358,0.0
2026-03-23 19:44:11,3040.16,BTC,SELL_OR_WAIT,70909.7,0.099358,0.0
2026-03-23 20:33:12,3040.16,BTC,SELL_OR_WAIT,70847.1,0.099358,0.0
2026-03-23 21:30:43,3040.16,BTC,SELL_OR_WAIT,70887.2,0.099358,0.0
2026-03-23 22:26:41,3040.16,BTC,SELL_OR_WAIT,70658.2,0.099358,0.0
2026-03-23 23:27:21,3040.16,BTC,SELL_OR_WAIT,70692.0,0.099358,0.0
2026-03-24 01:27:15,3040.16,BTC,SELL_OR_WAIT,70757.9,0.099358,0.0
2026-03-24 04:13:19,3040.16,BTC,SELL_OR_WAIT,70628.8,0.099358,0.0
2026-03-24 05:56:24,3040.16,BTC,SELL_OR_WAIT,70273.3,0.099358,0.0
2026-03-24 06:59:43,3040.16,BTC,SELL_OR_WAIT,70536.0,0.099358,0.0
2026-03-24 07:56:56,3040.16,BTC,SELL_OR_WAIT,71049.8,0.099358,0.0
2026-03-24 08:51:31,3040.16,BTC,SELL_OR_WAIT,70952.7,0.099358,0.0
2026-03-24 09:51:05,3040.16,BTC,SELL_OR_WAIT,71203.3,0.099358,0.0
2026-03-24 10:44:56,3040.16,BTC,SELL_OR_WAIT,71233.2,0.099358,0.0
2026-03-24 11:41:35,3040.16,BTC,SELL_OR_WAIT,71247.4,0.099358,0.0
2026-03-24 12:58:30,3040.16,BTC,SELL_OR_WAIT,70933.7,0.099358,0.0
2026-03-24 14:20:08,3040.16,BTC,SELL_OR_WAIT,69928.2,0.099358,0.0
2026-03-24 16:01:48,3040.16,BTC,SELL_OR_WAIT,69817.3,0.099358,0.0
2026-03-24 17:51:45,2979.36,BTC,BUY_DCA,69021.1,0.100239,60.8
2026-03-24 18:55:08,2979.36,BTC,SELL_OR_WAIT,69510.9,0.100239,0.0
2026-03-24 19:51:04,2979.36,BTC,SELL_OR_WAIT,69333.7,0.100239,0.0
2026-03-24 20:35:47,2979.36,BTC,SELL_OR_WAIT,70030.8,0.100239,0.0
2026-03-24 21:32:35,2979.36,BTC,SELL_OR_WAIT,70054.9,0.100239,0.0
2026-03-24 22:24:52,2979.36,BTC,SELL_OR_WAIT,70433.2,0.100239,0.0
2026-03-24 23:26:57,2979.36,BTC,SELL_OR_WAIT,70671.5,0.100239,0.0
2026-03-25 01:45:02,2979.36,BTC,SELL_OR_WAIT,70743.9,0.100239,0.0
2026-03-25 04:14:49,2979.36,BTC,SELL_OR_WAIT,70871.7,0.100239,0.0
2026-03-25 05:57:09,2979.36,BTC,SELL_OR_WAIT,71074.7,0.100239,0.0
2026-03-25 07:00:49,2979.36,BTC,SELL_OR_WAIT,71003.9,0.100239,0.0
2026-03-25 08:42:38,2979.36,BTC,SELL_OR_WAIT,71427.2,0.100239,0.0
2026-03-25 09:47:36,2979.36,BTC,SELL_OR_WAIT,71157.0,0.100239,0.0
2026-03-25 10:42:46,2979.36,BTC,SELL_OR_WAIT,71342.2,0.100239,0.0
2026-03-25 11:38:12,2979.36,BTC,SELL_OR_WAIT,71921.8,0.100239,0.0
2026-03-25 12:55:45,2979.36,BTC,SELL_OR_WAIT,71531.3,0.100239,0.0
2026-03-25 14:16:36,2979.36,BTC,SELL_OR_WAIT,71490.7,0.100239,0.0
2026-03-25 16:04:51,2979.36,BTC,SELL_OR_WAIT,70864.4,0.100239,0.0
2026-03-25 17:53:58,2979.36,BTC,SELL_OR_WAIT,70824.6,0.100239,0.0
2026-03-25 18:48:51,2979.36,BTC,SELL_OR_WAIT,70931.2,0.100239,0.0
2026-03-25 19:42:53,2979.36,BTC,SELL_OR_WAIT,71033.5,0.100239,0.0
2026-03-25 20:32:58,2979.36,BTC,SELL_OR_WAIT,70715.2,0.100239,0.0
2026-03-25 21:33:10,2979.36,BTC,SELL_OR_WAIT,70981.8,0.100239,0.0
2026-03-25 22:29:55,2979.36,BTC,SELL_OR_WAIT,71032.5,0.100239,0.0
2026-03-25 23:29:11,2979.36,BTC,SELL_OR_WAIT,71385.0,0.100239,0.0
2026-03-26 01:50:55,2979.36,BTC,SELL_OR_WAIT,71233.7,0.100239,0.0
2026-03-26 04:29:47,2979.36,BTC,SELL_OR_WAIT,70858.8,0.100239,0.0
2026-03-26 06:09:41,2979.36,BTC,SELL_OR_WAIT,70097.4,0.100239,0.0
2026-03-26 07:59:18,2979.36,BTC,SELL_OR_WAIT,70081.4,0.100239,0.0
2026-03-26 09:02:53,2979.36,BTC,SELL_OR_WAIT,69979.0,0.100239,0.0
2026-03-26 10:47:25,2979.36,BTC,SELL_OR_WAIT,69533.3,0.100239,0.0
2026-03-26 11:45:10,2979.36,BTC,SELL_OR_WAIT,69401.1,0.100239,0.0
2026-03-26 13:00:09,2979.36,BTC,SELL_OR_WAIT,69414.0,0.100239,0.0
2026-03-26 14:27:28,2979.36,BTC,SELL_OR_WAIT,69691.7,0.100239,0.0
2026-03-26 16:07:50,2979.36,BTC,SELL_OR_WAIT,69036.0,0.100239,0.0
2026-03-26 17:57:38,2919.77,BTC,BUY_DCA,68591.5,0.101108,59.59
2026-03-26 19:05:15,2627.79,BTC,BUY_TACTICAL,68458.8,0.105373,291.98
2026-03-26 20:31:07,2627.79,BTC,SELL_OR_WAIT,69228.2,0.105373,0.0
2026-03-26 21:26:31,2627.79,BTC,SELL_OR_WAIT,69012.1,0.105373,0.0
2026-03-26 22:22:42,2627.79,BTC,SELL_OR_WAIT,68924.3,0.105373,0.0
2026-03-26 23:27:03,2575.23,BTC,BUY_DCA,68674.7,0.106138,52.56
2026-03-27 01:51:14,2575.23,BTC,SELL_OR_WAIT,68956.3,0.106138,0.0
2026-03-27 04:30:29,2317.71,BTC,BUY_TACTICAL,68515.4,0.109897,257.52
2026-03-27 06:10:04,2271.36,BTC,BUY_DCA,68703.7,0.110572,46.35
2026-03-27 07:57:27,2225.93,BTC,BUY_DCA,68514.4,0.111235,45.43
2026-03-27 08:52:27,2225.93,BTC,SELL_OR_WAIT,68056.9,0.111235,0.0
2026-03-27 09:49:15,2003.34,BTC,BUY_TACTICAL,67810.1,0.114518,222.59
2026-03-27 10:42:10,1963.27,BTC,BUY_DCA,66852.2,0.115117,40.07
2026-03-27 11:38:10,1924.0,BTC,BUY_DCA,66682.0,0.115706,39.27
2026-03-27 12:52:05,1731.6,BTC,BUY_TACTICAL,66580.6,0.118596,192.4
2026-03-27 14:08:27,1558.44,BTC,BUY_TACTICAL,66369.4,0.121205,173.16
2026-03-27 15:45:58,1527.27,BTC,BUY_DCA,66434.3,0.121674,31.17
2026-03-27 16:47:04,1374.54,BTC,BUY_TACTICAL,66157.3,0.123983,152.73
2026-03-27 17:44:46,1237.09,BTC,BUY_TACTICAL,65662.9,0.126076,137.45
2026-03-27 18:48:35,1113.38,BTC,BUY_TACTICAL,65860.8,0.127954,123.71
2026-03-27 19:38:27,1002.04,BTC,BUY_TACTICAL,65998.3,0.129641,111.34
2026-03-27 20:32:12,901.84,BTC,BUY_TACTICAL,65870.2,0.131162,100.2
2026-03-27 21:29:00,883.8,BTC,BUY_DCA,66149.9,0.131435,18.04
2026-03-27 22:26:03,795.42,BTC,BUY_TACTICAL,65968.7,0.132775,88.38
2026-03-27 23:26:42,779.51,BTC,BUY_DCA,66185.4,0.133015,15.91
2026-03-28 01:43:07,779.51,BTC,SELL_OR_WAIT,66160.1,0.133015,0.0
2026-03-28 04:14:26,763.92,BTC,BUY_DCA,66136.9,0.133251,15.59
2026-03-28 05:53:24,763.92,BTC,SELL_OR_WAIT,66360.8,0.133251,0.0
2026-03-28 06:52:01,763.92,BTC,SELL_OR_WAIT,66380.6,0.133251,0.0
2026-03-28 07:40:59,763.92,BTC,SELL_OR_WAIT,66450.9,0.133251,0.0
2026-03-28 08:32:54,763.92,BTC,SELL_OR_WAIT,66553.7,0.133251,0.0
2026-03-28 09:31:24,748.64,BTC,BUY_DCA,66362.5,0.133481,15.28
2026-03-28 10:26:08,733.67,BTC,BUY_DCA,66254.9,0.133707,14.97
2026-03-28 11:24:20,733.67,BTC,SELL_OR_WAIT,66267.1,0.133707,0.0
2026-03-28 12:40:10,719.0,BTC,BUY_DCA,66342.7,0.133928,14.67
2026-03-28 13:46:18,647.1,BTC,BUY_TACTICAL,66891.1,0.135003,71.9
2026-03-28 14:27:28,634.16,BTC,BUY_DCA,66836.0,0.135197,12.94
2026-03-28 15:26:14,570.74,BTC,BUY_TACTICAL,67121.8,0.136142,63.42
2026-03-28 16:26:56,559.33,BTC,BUY_DCA,67083.9,0.136312,11.41
2026-03-28 17:23:59,548.14,BTC,BUY_DCA,66856.9,0.136479,11.19
2026-03-28 18:32:26,537.18,BTC,BUY_DCA,66904.3,0.136643,10.96
2026-03-28 19:25:49,526.44,BTC,BUY_DCA,66863.9,0.136804,10.74
2026-03-28 20:23:12,515.91,BTC,BUY_DCA,66966.2,0.136961,10.53
2026-03-28 21:25:02,464.32,BTC,BUY_TACTICAL,66840.0,0.137733,51.59
2026-03-28 22:22:40,455.03,BTC,BUY_DCA,66768.0,0.137872,9.29
2026-03-28 23:26:07,409.53,BTC,BUY_TACTICAL,66430.2,0.138557,45.5
2026-03-29 01:53:32,401.34,BTC,BUY_DCA,66582.1,0.13868,8.19
2026-03-29 04:33:59,393.31,BTC,BUY_DCA,66787.9,0.1388,8.03
2026-03-29 06:09:35,393.31,BTC,SELL_OR_WAIT,66864.8,0.1388,0.0
2026-03-29 07:50:14,385.44,BTC,BUY_DCA,66669.3,0.138918,7.87
2026-03-29 08:33:52,385.44,BTC,SELL_OR_WAIT,66718.2,0.138918,0.0
2026-03-29 09:31:45,377.73,BTC,BUY_DCA,66697.3,0.139034,7.71
2026-03-29 10:27:15,339.96,BTC,BUY_TACTICAL,66490.1,0.139602,37.77
2026-03-29 11:24:06,305.96,BTC,BUY_TACTICAL,66778.6,0.140111,34.0
2026-03-29 12:41:00,299.84,BTC,BUY_DCA,66781.9,0.140203,6.12
2026-03-29 13:49:25,269.86,BTC,BUY_TACTICAL,66607.5,0.140653,29.98
2026-03-29 14:29:11,264.46,BTC,BUY_DCA,66590.1,0.140734,5.4
2026-03-29 15:26:01,238.01,BTC,BUY_TACTICAL,66398.5,0.141132,26.45
2026-03-29 16:28:46,233.25,BTC,BUY_DCA,66624.9,0.141203,4.76
2026-03-29 17:25:15,209.93,BTC,BUY_TACTICAL,66199.5,0.141555,23.33
2026-03-29 18:33:53,205.73,BTC,BUY_DCA,66419.9,0.141618,4.2
2026-03-29 19:28:32,185.16,BTC,BUY_TACTICAL,66426.5,0.141928,20.57
2026-03-29 20:25:06,181.46,BTC,BUY_DCA,66728.0,0.141983,3.7
2026-03-29 21:26:37,177.83,BTC,BUY_DCA,66651.4,0.142037,3.63
2026-03-29 22:24:34,160.05,BTC,BUY_TACTICAL,66407.6,0.142305,17.78
2026-03-29 23:26:54,156.85,BTC,BUY_DCA,65984.7,0.142354,3.2
2026-03-30 01:56:05,153.71,BTC,BUY_DCA,66668.3,0.142401,3.14
2026-03-30 04:42:39,138.34,BTC,BUY_TACTICAL,67421.1,0.142629,15.37
2026-03-30 06:27:29,124.51,BTC,BUY_TACTICAL,67347.2,0.142834,13.83
2026-03-30 08:19:56,112.06,BTC,BUY_TACTICAL,67856.0,0.143017,12.45
2026-03-30 10:11:58,100.85,BTC,BUY_TACTICAL,67451.8,0.143183,11.21
2026-03-30 11:52:16,98.83,BTC,BUY_DCA,67708.4,0.143213,2.02
2026-03-30 13:04:55,96.85,BTC,BUY_DCA,67917.0,0.143242,1.98
2026-03-30 14:59:12,94.91,BTC,BUY_DCA,67777.1,0.143271,1.94
2026-03-30 16:08:09,94.91,BTC,SELL_OR_WAIT,67402.1,0.143271,0.0
2026-03-30 17:49:30,85.42,BTC,BUY_TACTICAL,66916.5,0.143413,9.49
2026-03-30 18:52:55,76.88,BTC,BUY_TACTICAL,66607.6,0.143541,8.54
2026-03-30 19:52:40,69.19,BTC,BUY_TACTICAL,66472.0,0.143657,7.69
2026-03-30 20:39:08,62.27,BTC,BUY_TACTICAL,66634.0,0.143761,6.92
2026-03-30 21:36:49,56.04,BTC,BUY_TACTICAL,66893.8,0.143854,6.23
2026-03-30 22:29:27,50.44,BTC,BUY_TACTICAL,66828.2,0.143938,5.6
2026-03-30 23:29:52,45.4,BTC,BUY_TACTICAL,66710.4,0.144014,5.04
2026-03-31 01:51:58,40.86,BTC,BUY_TACTICAL,67953.3,0.144081,4.54
2026-03-31 04:32:45,40.04,BTC,BUY_DCA,67639.7,0.144093,0.82
2026-03-31 06:13:56,39.24,BTC,BUY_DCA,67497.2,0.144105,0.8
2026-03-31 08:04:50,38.46,BTC,BUY_DCA,67434.3,0.144117,0.78
2026-03-31 10:00:06,37.69,BTC,BUY_DCA,66111.3,0.144129,0.77
2026-03-31 11:00:32,37.69,BTC,SELL_OR_WAIT,66362.6,0.144129,0.0
2026-03-31 11:55:04,36.94,BTC,BUY_DCA,66607.3,0.14414,0.75
2026-03-31 13:03:21,36.2,BTC,BUY_DCA,66723.8,0.144151,0.74
2026-03-31 14:56:22,35.48,BTC,BUY_DCA,66494.4,0.144162,0.72
2026-03-31 16:03:36,34.77,BTC,BUY_DCA,66862.2,0.144173,0.71
2026-03-31 17:52:12,34.77,BTC,SELL_OR_WAIT,67651.8,0.144173,0.0
2026-03-31 18:54:09,34.77,BTC,SELL_OR_WAIT,67835.3,0.144173,0.0
2026-03-31 19:52:05,34.07,BTC,BUY_DCA,67866.6,0.144183,0.7
2026-03-31 20:37:37,33.39,BTC,BUY_DCA,68073.4,0.144193,0.68
2026-03-31 21:33:43,32.72,BTC,BUY_DCA,68104.2,0.144203,0.67
2026-03-31 22:29:36,32.07,BTC,BUY_DCA,68132.7,0.144213,0.65
2026-03-31 23:29:12,31.43,BTC,BUY_DCA,68274.4,0.144222,0.64
2026-04-01 02:00:20,30.8,BTC,BUY_DCA,67799.6,0.144231,0.63
2026-04-01 04:51:56,30.18,BTC,BUY_DCA,68303.7,0.14424,0.62
2026-04-01 06:25:01,30.18,BTC,SELL_OR_WAIT,68854.6,0.14424,0.0
2026-04-01 08:13:47,29.58,BTC,BUY_DCA,68608.2,0.144249,0.6
2026-04-01 10:03:06,28.99,BTC,BUY_DCA,68587.5,0.144258,0.59
2026-04-01 11:46:48,28.99,BTC,SELL_OR_WAIT,68633.2,0.144258,0.0
2026-04-01 13:06:25,28.41,BTC,BUY_DCA,68223.3,0.144266,0.58
2026-04-01 14:59:29,27.84,BTC,BUY_DCA,68617.2,0.144274,0.57
2026-04-01 16:08:43,27.28,BTC,BUY_DCA,68709.0,0.144282,0.56
2026-04-01 17:45:03,24.55,BTC,BUY_TACTICAL,68439.0,0.144322,2.73
2026-04-01 18:53:03,24.06,BTC,BUY_DCA,68133.7,0.144329,0.49
2026-04-01 19:55:26,24.06,BTC,SELL_OR_WAIT,68186.9,0.144329,0.0
2026-04-01 20:38:32,21.65,BTC,BUY_TACTICAL,68144.3,0.144364,2.41
2026-04-01 21:36:50,21.65,BTC,SELL_OR_WAIT,68427.1,0.144364,0.0
2026-04-01 22:31:46,21.22,BTC,BUY_DCA,68183.4,0.14437,0.43
2026-04-01 23:31:42,20.8,BTC,BUY_DCA,68007.9,0.144376,0.42
2026-04-02 01:48:47,18.72,BTC,BUY_TACTICAL,67136.4,0.144407,2.08
2026-04-02 04:25:50,16.85,BTC,BUY_TACTICAL,66409.6,0.144435,1.87
2026-04-02 06:08:44,15.17,BTC,BUY_TACTICAL,66578.2,0.14446,1.69
2026-04-02 08:02:26,13.65,BTC,BUY_TACTICAL,66847.6,0.144483,1.52
2026-04-02 09:55:36,12.29,BTC,BUY_TACTICAL,66431.0,0.144504,1.37
2026-04-02 10:46:45,11.06,BTC,BUY_TACTICAL,66459.1,0.144522,1.23
2026-04-02 11:41:42,9.95,BTC,BUY_TACTICAL,66347.3,0.144539,1.11
2026-04-02 12:58:43,8.96,BTC,BUY_TACTICAL,66059.3,0.144554,0.99
2026-04-02 14:22:50,8.78,BTC,BUY_DCA,66411.1,0.144557,0.18
2026-04-02 15:55:44,8.78,BTC,SELL_OR_WAIT,66826.7,0.144557,0.0
2026-04-02 16:52:18,8.78,BTC,SELL_OR_WAIT,67206.7,0.144557,0.0
2026-04-02 17:44:40,8.78,BTC,SELL_OR_WAIT,66974.2,0.144557,0.0
2026-04-02 18:48:21,8.6,BTC,BUY_DCA,66881.4,0.14456,0.18
2026-04-02 19:45:20,8.43,BTC,BUY_DCA,66970.9,0.144563,0.17
2026-04-02 20:29:46,8.26,BTC,BUY_DCA,67052.9,0.144566,0.17
2026-04-02 21:31:33,8.09,BTC,BUY_DCA,66860.6,0.144568,0.17
2026-04-02 22:26:36,7.28,BTC,BUY_TACTICAL,66875.4,0.14458,0.81
2026-04-02 23:30:21,6.55,BTC,BUY_TACTICAL,66943.0,0.144591,0.73
2026-04-03 01:50:21,5.89,BTC,BUY_TACTICAL,66577.7,0.144601,0.66
2026-04-03 04:26:03,5.89,BTC,SELL_OR_WAIT,66575.1,0.144601,0.0
2026-04-03 06:09:22,5.77,BTC,BUY_DCA,66556.4,0.144603,0.12
2026-04-03 07:59:18,5.19,BTC,BUY_TACTICAL,67052.4,0.144612,0.58
2026-04-03 09:00:43,5.19,BTC,SELL_OR_WAIT,66972.8,0.144612,0.0
2026-04-03 09:58:02,5.09,BTC,BUY_DCA,66861.2,0.144614,0.1
2026-04-03 10:44:11,5.09,BTC,SELL_OR_WAIT,66801.1,0.144614,0.0
2026-04-03 11:33:55,4.99,BTC,BUY_DCA,66961.9,0.144616,0.1
2026-04-03 12:49:57,4.89,BTC,BUY_DCA,66765.4,0.144617,0.1
2026-04-03 13:59:18,4.89,BTC,SELL_OR_WAIT,66669.9,0.144617,0.0
2026-04-03 14:49:29,4.79,BTC,BUY_DCA,66882.8,0.144618,0.1
2026-04-03 15:35:29,4.69,BTC,BUY_DCA,66886.9,0.144619,0.1
2026-04-03 16:33:59,4.6,BTC,BUY_DCA,66973.5,0.14462,0.09
2026-04-03 17:29:37,4.51,BTC,BUY_DCA,66880.6,0.144621,0.09
2026-04-03 18:38:38,4.42,BTC,BUY_DCA,66884.5,0.144622,0.09
2026-04-03 19:35:06,4.33,BTC,BUY_DCA,66813.4,0.144623,0.09
2026-04-03 20:30:03,4.24,BTC,BUY_DCA,66872.8,0.144624,0.09
2026-04-03 21:27:42,4.24,BTC,SELL_OR_WAIT,66903.7,0.144624,0.0
2026-04-03 22:27:35,4.16,BTC,BUY_DCA,66885.8,0.144625,0.08
2026-04-03 23:28:42,4.08,BTC,BUY_DCA,66856.5,0.144626,0.08
2026-04-04 01:43:53,4.0,BTC,BUY_DCA,66856.8,0.144627,0.08
2026-04-04 04:12:21,4.0,BTC,SELL_OR_WAIT,66851.9,0.144627,0.0
2026-04-04 05:53:30,3.92,BTC,BUY_DCA,66919.3,0.144628,0.08
2026-04-04 06:53:45,3.84,BTC,BUY_DCA,67009.8,0.144629,0.08
2026-04-04 07:45:14,3.46,BTC,BUY_TACTICAL,66967.2,0.144635,0.38
2026-04-04 08:34:52,3.11,BTC,BUY_TACTICAL,66964.2,0.14464,0.35
2026-04-04 09:32:39,3.05,BTC,BUY_DCA,66975.2,0.144641,0.06
2026-04-04 10:27:17,2.74,BTC,BUY_TACTICAL,66927.6,0.144646,0.3
2026-04-04 11:24:53,2.47,BTC,BUY_TACTICAL,67132.3,0.14465,0.27
2026-04-04 12:40:45,2.22,BTC,BUY_TACTICAL,67084.5,0.144654,0.25
2026-04-04 13:49:18,2.0,BTC,BUY_TACTICAL,67204.0,0.144657,0.22
2026-04-04 14:28:58,1.96,BTC,BUY_DCA,67200.4,0.144658,0.04
2026-04-04 15:26:11,1.76,BTC,BUY_TACTICAL,67329.4,0.144661,0.2
2026-04-04 16:28:43,1.76,BTC,SELL_OR_WAIT,67449.3,0.144661,0.0
2026-04-04 17:24:54,1.76,BTC,SELL_OR_WAIT,67395.7,0.144661,0.0
2026-04-04 18:33:09,1.72,BTC,BUY_DCA,67296.1,0.144662,0.04
2026-04-04 19:27:10,1.55,BTC,BUY_TACTICAL,67367.2,0.144665,0.17
2026-04-04 20:23:01,1.4,BTC,BUY_TACTICAL,67246.8,0.144667,0.16
2026-04-04 21:26:05,1.37,BTC,BUY_DCA,67261.7,0.144667,0.03
2026-04-04 22:23:42,1.34,BTC,BUY_DCA,67391.0,0.144667,0.03
2026-04-04 23:25:32,1.31,BTC,BUY_DCA,67305.6,0.144667,0.03
2026-04-05 01:55:01,1.18,BTC,BUY_TACTICAL,67100.3,0.144669,0.13
2026-04-05 04:33:58,1.16,BTC,BUY_DCA,67175.6,0.144669,0.02
2026-04-05 06:12:34,1.04,BTC,BUY_TACTICAL,66705.9,0.144671,0.12
2026-04-05 07:52:37,0.94,BTC,BUY_TACTICAL,66775.7,0.144673,0.1
2026-04-05 08:36:39,0.92,BTC,BUY_DCA,66872.1,0.144673,0.02
2026-04-05 09:34:11,0.83,BTC,BUY_TACTICAL,66985.1,0.144674,0.09
2026-04-05 10:27:22,0.81,BTC,BUY_DCA,66983.0,0.144674,0.02
2026-04-05 11:24:56,0.79,BTC,BUY_DCA,67048.1,0.144674,0.02
2026-04-05 12:43:05,0.77,BTC,BUY_DCA,66727.0,0.144674,0.02
2026-04-05 13:51:02,0.75,BTC,BUY_DCA,66918.2,0.144674,0.02
2026-04-05 14:30:58,0.73,BTC,BUY_DCA,66914.1,0.144674,0.01
2026-04-05 15:27:01,0.66,BTC,BUY_TACTICAL,67390.0,0.144675,0.07
2026-04-05 16:29:54,0.65,BTC,BUY_DCA,67319.0,0.144675,0.01
2026-04-05 17:25:36,0.64,BTC,BUY_DCA,67261.4,0.144675,0.01
2026-04-05 18:34:53,0.64,BTC,SELL_OR_WAIT,67407.5,0.144675,0.0
2026-04-05 19:29:47,0.63,BTC,BUY_DCA,67463.2,0.144675,0.01
2026-04-05 20:26:06,0.63,BTC,SELL_OR_WAIT,67448.7,0.144675,0.0
2026-04-05 21:25:51,0.57,BTC,BUY_TACTICAL,67463.3,0.144676,0.06
2026-04-05 22:24:52,0.51,BTC,BUY_TACTICAL,67414.9,0.144677,0.06
2026-04-05 23:28:19,0.5,BTC,BUY_DCA,68862.3,0.144677,0.01
2026-04-06 01:56:47,0.5,BTC,SELL_OR_WAIT,68807.8,0.144677,0.0
2026-04-06 04:43:20,0.5,BTC,SELL_OR_WAIT,69184.1,0.144677,0.0
2026-04-06 06:28:22,0.5,BTC,SELL_OR_WAIT,68933.0,0.144677,0.0
2026-04-06 08:20:38,0.5,BTC,SELL_OR_WAIT,69134.2,0.144677,0.0
2026-04-06 10:04:45,0.5,BTC,SELL_OR_WAIT,69809.7,0.144677,0.0
2026-04-06 11:43:44,0.5,BTC,SELL_OR_WAIT,69639.7,0.144677,0.0
2026-04-06 12:56:55,0.5,BTC,SELL_OR_WAIT,69342.2,0.144677,0.0
2026-04-06 14:09:58,0.5,BTC,SELL_OR_WAIT,69277.0,0.144677,0.0
2026-04-06 15:40:48,0.5,BTC,SELL_OR_WAIT,69714.0,0.144677,0.0
2026-04-06 16:39:54,0.5,BTC,SELL_OR_WAIT,70034.2,0.144677,0.0
2026-04-06 17:40:09,0.49,BTC,BUY_DCA,69529.7,0.144677,0.01
2026-04-06 18:50:09,0.49,BTC,SELL_OR_WAIT,69799.5,0.144677,0.0
2026-04-06 19:48:49,0.48,BTC,BUY_DCA,69726.9,0.144677,0.01
2026-04-06 20:32:52,0.48,BTC,SELL_OR_WAIT,69959.9,0.144677,0.0
2026-04-06 21:33:00,0.48,BTC,SELL_OR_WAIT,69642.6,0.144677,0.0
2026-04-06 22:30:22,0.48,BTC,SELL_OR_WAIT,69357.1,0.144677,0.0
2026-04-06 23:30:01,0.43,BTC,BUY_TACTICAL,68528.2,0.144678,0.05
2026-04-07 01:52:58,0.39,BTC,BUY_TACTICAL,68357.4,0.144679,0.04
2026-04-07 04:29:44,0.35,BTC,BUY_TACTICAL,68604.4,0.14468,0.04
2026-04-07 06:16:53,0.32,BTC,BUY_TACTICAL,68527.9,0.144681,0.03
2026-04-07 08:08:43,0.31,BTC,BUY_DCA,68663.6,0.144681,0.01
2026-04-07 10:03:45,0.31,BTC,SELL_OR_WAIT,69091.7,0.144681,0.0
2026-04-07 11:49:01,0.28,BTC,BUY_TACTICAL,68398.9,0.144681,0.03
2026-04-07 13:07:00,0.28,BTC,SELL_OR_WAIT,68611.3,0.144681,0.0
2026-04-07 15:02:38,0.25,BTC,BUY_TACTICAL,67819.4,0.144681,0.03
2026-04-07 16:51:13,0.25,BTC,SELL_OR_WAIT,68331.2,0.144681,0.0
2026-04-07 17:53:55,0.24,BTC,BUY_DCA,68779.5,0.144681,0.01
2026-04-07 18:55:45,0.24,BTC,BUY_DCA,68361.0,0.144681,0.0
2026-04-07 19:54:22,0.24,BTC,SELL_OR_WAIT,69000.0,0.144681,0.0
2026-04-07 20:40:43,0.24,BTC,SELL_OR_WAIT,69276.8,0.144681,0.0
2026-04-07 21:37:57,0.24,BTC,SELL_OR_WAIT,69726.9,0.144681,0.0
2026-04-07 22:33:10,0.24,BTC,SELL_OR_WAIT,70837.3,0.144681,0.0
2026-04-07 23:32:38,0.24,BTC,SELL_OR_WAIT,72473.3,0.144681,0.0
2026-04-08 01:53:37,0.24,BTC,SELL_OR_WAIT,71583.6,0.144681,0.0
2026-04-08 04:33:29,0.24,BTC,SELL_OR_WAIT,71564.9,0.144681,0.0
2026-04-08 06:18:44,0.24,BTC,SELL_OR_WAIT,71758.9,0.144681,0.0
2026-04-08 08:10:09,0.24,BTC,SELL_OR_WAIT,71767.1,0.144681,0.0
2026-04-08 10:03:11,0.24,BTC,SELL_OR_WAIT,71697.8,0.144681,0.0
2026-04-08 11:49:47,0.24,BTC,SELL_OR_WAIT,71524.7,0.144681,0.0
2026-04-08 13:08:39,0.24,BTC,SELL_OR_WAIT,72568.1,0.144681,0.0
2026-04-08 15:04:59,0.24,BTC,SELL_OR_WAIT,70999.2,0.144681,0.0
2026-04-08 16:55:41,0.24,BTC,SELL_OR_WAIT,71603.2,0.144681,0.0
2026-04-08 18:03:43,0.24,BTC,SELL_OR_WAIT,71836.5,0.144681,0.0
2026-04-08 19:55:38,0.24,BTC,SELL_OR_WAIT,71275.4,0.144681,0.0
2026-04-08 20:37:28,0.24,BTC,SELL_OR_WAIT,71331.5,0.144681,0.0
2026-04-08 21:37:10,0.24,BTC,SELL_OR_WAIT,71598.9,0.144681,0.0
2026-04-08 22:33:43,0.24,BTC,SELL_OR_WAIT,71241.0,0.144681,0.0
2026-04-08 23:33:14,0.24,BTC,SELL_OR_WAIT,70969.4,0.144681,0.0
2026-04-09 01:45:51,0.24,BTC,SELL_OR_WAIT,70777.9,0.144681,0.0
2026-04-09 04:29:44,0.24,BTC,SELL_OR_WAIT,70852.4,0.144681,0.0
2026-04-09 06:18:19,0.24,BTC,SELL_OR_WAIT,70986.0,0.144681,0.0
2026-04-09 08:16:40,0.24,BTC,SELL_OR_WAIT,70899.2,0.144681,0.0
2026-04-09 10:07:47,0.24,BTC,SELL_OR_WAIT,71419.5,0.144681,0.0
2026-04-09 11:51:07,0.24,BTC,SELL_OR_WAIT,71209.2,0.144681,0.0
2026-04-09 13:11:30,0.24,BTC,SELL_OR_WAIT,71109.9,0.144681,0.0
2026-04-09 15:17:00,0.24,BTC,SELL_OR_WAIT,71389.7,0.144681,0.0
2026-04-09 17:01:11,0.24,BTC,SELL_OR_WAIT,72180.3,0.144681,0.0
2026-04-09 18:56:09,0.24,BTC,SELL_OR_WAIT,71863.7,0.144681,0.0
2026-04-09 20:01:21,0.24,BTC,SELL_OR_WAIT,72146.0,0.144681,0.0
2026-04-09 21:41:19,0.24,BTC,SELL_OR_WAIT,72339.7,0.144681,0.0
2026-04-09 22:35:45,0.24,BTC,SELL_OR_WAIT,72402.9,0.144681,0.0
2026-04-09 23:34:21,0.24,BTC,SELL_OR_WAIT,71692.6,0.144681,0.0
2026-04-10 01:57:35,0.24,BTC,SELL_OR_WAIT,72187.9,0.144681,0.0
2026-04-10 04:47:23,0.24,BTC,SELL_OR_WAIT,71906.3,0.144681,0.0
2026-04-10 06:30:11,0.24,BTC,SELL_OR_WAIT,71966.8,0.144681,0.0
2026-04-10 08:19:11,0.24,BTC,SELL_OR_WAIT,71614.1,0.144681,0.0
2026-04-10 10:04:38,0.24,BTC,SELL_OR_WAIT,71790.3,0.144681,0.0
2026-04-10 11:42:57,0.24,BTC,SELL_OR_WAIT,72210.0,0.144681,0.0
2026-04-10 12:56:51,0.24,BTC,SELL_OR_WAIT,72267.8,0.144681,0.0
2026-04-10 14:15:59,0.24,BTC,SELL_OR_WAIT,72784.8,0.144681,0.0
2026-04-10 15:44:24,0.24,BTC,SELL_OR_WAIT,72678.0,0.144681,0.0
2026-04-10 16:43:37,0.24,BTC,SELL_OR_WAIT,72717.3,0.144681,0.0
2026-04-10 17:42:52,0.24,BTC,SELL_OR_WAIT,72880.0,0.144681,0.0
2026-04-10 18:43:10,0.24,BTC,SELL_OR_WAIT,72947.2,0.144681,0.0
2026-04-10 19:39:22,0.24,BTC,SELL_OR_WAIT,72940.6,0.144681,0.0
2026-04-10 20:29:20,0.24,BTC,SELL_OR_WAIT,73181.4,0.144681,0.0
2026-04-10 21:32:15,0.24,BTC,SELL_OR_WAIT,73068.2,0.144681,0.0
2026-04-10 22:31:02,0.24,BTC,SELL_OR_WAIT,73019.7,0.144681,0.0
2026-04-10 23:30:06,0.24,BTC,SELL_OR_WAIT,72899.3,0.144681,0.0
2026-04-11 01:47:49,0.24,BTC,SELL_OR_WAIT,72914.6,0.144681,0.0
2026-04-11 04:16:04,0.24,BTC,SELL_OR_WAIT,72751.2,0.144681,0.0
2026-04-11 05:56:44,0.24,BTC,SELL_OR_WAIT,72730.7,0.144681,0.0
2026-04-11 06:58:23,0.24,BTC,SELL_OR_WAIT,72773.6,0.144681,0.0
2026-04-11 07:50:47,0.24,BTC,SELL_OR_WAIT,72700.5,0.144681,0.0
2026-04-11 08:36:44,0.24,BTC,SELL_OR_WAIT,72703.2,0.144681,0.0
2026-04-11 09:34:47,0.24,BTC,SELL_OR_WAIT,72775.9,0.144681,0.0
2026-04-11 10:28:20,0.24,BTC,SELL_OR_WAIT,72876.0,0.144681,0.0
2026-04-11 11:26:08,0.24,BTC,SELL_OR_WAIT,72862.7,0.144681,0.0
2026-04-11 12:42:30,0.24,BTC,SELL_OR_WAIT,72912.7,0.144681,0.0
2026-04-11 13:51:51,0.24,BTC,SELL_OR_WAIT,72694.7,0.144681,0.0
2026-04-11 14:32:17,0.24,BTC,SELL_OR_WAIT,72678.7,0.144681,0.0
2026-04-11 15:28:05,0.24,BTC,SELL_OR_WAIT,72784.9,0.144681,0.0
2026-04-11 16:29:51,0.24,BTC,SELL_OR_WAIT,72877.9,0.144681,0.0
2026-04-11 17:26:20,0.24,BTC,SELL_OR_WAIT,73059.5,0.144681,0.0
2026-04-11 18:35:57,0.24,BTC,SELL_OR_WAIT,73453.7,0.144681,0.0
2026-04-11 19:31:26,0.24,BTC,SELL_OR_WAIT,73676.5,0.144681,0.0
2026-04-11 20:26:03,0.24,BTC,SELL_OR_WAIT,73419.4,0.144681,0.0
2026-04-11 21:27:11,0.24,BTC,SELL_OR_WAIT,73364.8,0.144681,0.0
2026-04-11 22:25:46,0.24,BTC,SELL_OR_WAIT,73403.6,0.144681,0.0
2026-04-11 23:28:02,0.24,BTC,SELL_OR_WAIT,73161.3,0.144681,0.0
2026-04-12 01:59:40,0.24,BTC,SELL_OR_WAIT,71648.0,0.144681,0.0
2026-04-12 04:50:39,0.24,BTC,BUY_DCA,71567.9,0.144681,0.0
2026-04-12 06:22:03,0.24,BTC,SELL_OR_WAIT,71670.9,0.144681,0.0
2026-04-12 08:00:37,0.24,BTC,SELL_OR_WAIT,71683.6,0.144681,0.0
2026-04-12 08:59:36,0.24,BTC,SELL_OR_WAIT,71639.2,0.144681,0.0
2026-04-12 09:51:17,0.24,BTC,SELL_OR_WAIT,71529.5,0.144681,0.0
2026-04-12 10:33:30,0.24,BTC,SELL_OR_WAIT,71603.1,0.144681,0.0
2026-04-12 11:30:03,0.24,BTC,SELL_OR_WAIT,71523.3,0.144681,0.0
2026-04-12 12:47:28,0.24,BTC,SELL_OR_WAIT,71484.8,0.144681,0.0
2026-04-12 13:57:17,0.24,BTC,SELL_OR_WAIT,70943.9,0.144681,0.0
2026-04-12 14:38:36,0.24,BTC,SELL_OR_WAIT,71011.1,0.144681,0.0
2026-04-12 15:31:32,0.24,BTC,SELL_OR_WAIT,70646.4,0.144681,0.0
2026-04-12 16:31:18,0.24,BTC,SELL_OR_WAIT,70938.8,0.144681,0.0
2026-04-12 17:29:47,0.24,BTC,SELL_OR_WAIT,70992.8,0.144681,0.0
2026-04-12 18:38:47,0.24,BTC,SELL_OR_WAIT,71195.2,0.144681,0.0
2026-04-12 19:35:54,0.24,BTC,SELL_OR_WAIT,71150.2,0.144681,0.0
2026-04-12 20:29:09,0.24,BTC,SELL_OR_WAIT,71066.3,0.144681,0.0
2026-04-12 21:28:52,0.24,BTC,SELL_OR_WAIT,71294.7,0.144681,0.0
2026-04-12 22:27:46,0.24,BTC,SELL_OR_WAIT,70692.6,0.144681,0.0
2026-04-12 23:29:12,0.24,BTC,SELL_OR_WAIT,70761.1,0.144681,0.0
2026-04-13 02:04:42,0.24,BTC,SELL_OR_WAIT,71169.0,0.144681,0.0
2026-04-13 05:35:56,0.24,BTC,SELL_OR_WAIT,70799.9,0.144681,0.0
2026-04-13 07:53:49,0.24,BTC,SELL_OR_WAIT,70810.7,0.144681,0.0
2026-04-13 09:49:27,0.24,BTC,SELL_OR_WAIT,70773.6,0.144681,0.0
2026-04-13 11:13:21,0.24,BTC,SELL_OR_WAIT,70856.3,0.144681,0.0
2026-04-13 13:11:49,0.24,BTC,SELL_OR_WAIT,71141.2,0.144681,0.0
2026-04-13 15:11:56,0.24,BTC,SELL_OR_WAIT,72004.8,0.144681,0.0
2026-04-13 16:58:04,0.24,BTC,SELL_OR_WAIT,72172.9,0.144681,0.0
2026-04-13 18:02:19,0.24,BTC,SELL_OR_WAIT,72135.7,0.144681,0.0
2026-04-13 20:01:43,0.24,BTC,SELL_OR_WAIT,73355.8,0.144681,0.0
2026-04-13 21:42:03,0.24,BTC,SELL_OR_WAIT,73348.0,0.144681,0.0
2026-04-13 22:38:49,0.24,BTC,SELL_OR_WAIT,74149.9,0.144681,0.0
2026-04-13 23:37:45,0.24,BTC,SELL_OR_WAIT,74788.0,0.144681,0.0
2026-04-14 01:59:43,0.24,BTC,SELL_OR_WAIT,74387.8,0.144681,0.0
2026-04-14 04:49:03,0.24,BTC,SELL_OR_WAIT,74407.8,0.144681,0.0
2026-04-14 06:28:49,0.24,BTC,SELL_OR_WAIT,74422.2,0.144681,0.0
2026-04-14 08:23:59,0.24,BTC,SELL_OR_WAIT,74516.1,0.144681,0.0
2026-04-14 10:11:38,0.24,BTC,SELL_OR_WAIT,74520.1,0.144681,0.0
2026-04-14 11:55:02,0.24,BTC,SELL_OR_WAIT,74370.7,0.144681,0.0
2026-04-14 13:13:50,0.24,BTC,SELL_OR_WAIT,74554.8,0.144681,0.0
2026-04-14 15:09:10,0.24,BTC,SELL_OR_WAIT,74686.7,0.144681,0.0
2026-04-14 16:59:35,0.24,BTC,SELL_OR_WAIT,74610.9,0.144681,0.0
2026-04-14 18:07:52,0.24,BTC,SELL_OR_WAIT,74750.8,0.144681,0.0
2026-04-14 20:01:56,0.24,BTC,SELL_OR_WAIT,74312.8,0.144681,0.0
2026-04-14 21:44:42,0.24,BTC,SELL_OR_WAIT,74019.2,0.144681,0.0
2026-04-14 22:40:15,0.24,BTC,SELL_OR_WAIT,73978.2,0.144681,0.0
2026-04-14 23:38:05,0.24,BTC,SELL_OR_WAIT,74056.4,0.144681,0.0
2026-04-15 01:56:09,0.24,BTC,SELL_OR_WAIT,74634.6,0.144681,0.0
2026-04-15 04:43:37,0.24,BTC,SELL_OR_WAIT,74359.5,0.144681,0.0
2026-04-15 06:52:05,0.24,BTC,SELL_OR_WAIT,73926.8,0.144681,0.0
2026-04-15 08:25:25,0.24,BTC,SELL_OR_WAIT,73954.9,0.144681,0.0
2026-04-15 10:12:40,0.24,BTC,SELL_OR_WAIT,74158.3,0.144681,0.0
2026-04-15 11:52:41,0.24,BTC,SELL_OR_WAIT,74209.8,0.144681,0.0
2026-04-15 13:11:21,0.24,BTC,SELL_OR_WAIT,74274.3,0.144681,0.0
2026-04-15 15:02:21,0.24,BTC,SELL_OR_WAIT,74225.0,0.144681,0.0
2026-04-15 16:56:44,0.24,BTC,SELL_OR_WAIT,73840.9,0.144681,0.0
2026-04-15 18:03:48,0.24,BTC,SELL_OR_WAIT,74221.6,0.144681,0.0
2026-04-15 19:59:47,0.24,BTC,SELL_OR_WAIT,75021.4,0.144681,0.0
2026-04-15 20:57:53,0.24,BTC,SELL_OR_WAIT,74836.0,0.144681,0.0
2026-04-15 21:52:51,0.24,BTC,SELL_OR_WAIT,74794.2,0.144681,0.0
2026-04-15 22:37:21,0.24,BTC,SELL_OR_WAIT,74994.7,0.144681,0.0
2026-04-15 23:37:35,0.24,BTC,SELL_OR_WAIT,74680.3,0.144681,0.0
2026-04-16 02:04:11,0.24,BTC,SELL_OR_WAIT,74686.2,0.144681,0.0
2026-04-16 05:25:25,0.24,BTC,SELL_OR_WAIT,75050.0,0.144681,0.0
2026-04-16 07:23:29,0.24,BTC,SELL_OR_WAIT,74923.5,0.144681,0.0
2026-04-16 09:12:53,0.24,BTC,SELL_OR_WAIT,74739.9,0.144681,0.0
2026-04-16 10:57:23,0.24,BTC,SELL_OR_WAIT,74372.5,0.144681,0.0
2026-04-16 11:58:03,0.24,BTC,SELL_OR_WAIT,74555.4,0.144681,0.0
2026-04-16 13:45:50,0.24,BTC,SELL_OR_WAIT,74497.2,0.144681,0.0
2026-04-16 15:22:04,0.24,BTC,SELL_OR_WAIT,74380.4,0.144681,0.0
2026-04-16 17:08:21,0.24,BTC,SELL_OR_WAIT,74018.6,0.144681,0.0
2026-04-16 19:04:12,0.24,BTC,SELL_OR_WAIT,74981.0,0.144681,0.0
2026-04-16 20:42:23,0.24,BTC,SELL_OR_WAIT,75048.5,0.144681,0.0
2026-04-16 21:37:57,0.24,BTC,SELL_OR_WAIT,74938.3,0.144681,0.0
2026-04-16 22:34:16,0.24,BTC,SELL_OR_WAIT,74912.8,0.144681,0.0
2026-04-16 23:35:31,0.24,BTC,SELL_OR_WAIT,75028.7,0.144681,0.0
2026-04-17 02:00:01,0.24,BTC,SELL_OR_WAIT,74751.9,0.144681,0.0
2026-04-17 04:53:31,0.24,BTC,SELL_OR_WAIT,74797.3,0.144681,0.0
2026-04-17 06:55:39,0.24,BTC,SELL_OR_WAIT,74918.9,0.144681,0.0
2026-04-17 08:25:01,0.24,BTC,SELL_OR_WAIT,75074.6,0.144681,0.0
2026-04-17 10:09:43,0.24,BTC,SELL_OR_WAIT,75745.8,0.144681,0.0
2026-04-17 11:45:31,0.24,BTC,SELL_OR_WAIT,75407.5,0.144681,0.0
2026-04-17 13:05:21,0.24,BTC,SELL_OR_WAIT,76159.9,0.144681,0.0
2026-04-17 14:51:02,0.24,BTC,SELL_OR_WAIT,77925.7,0.144681,0.0
2026-04-17 15:54:57,0.24,BTC,SELL_OR_WAIT,77837.6,0.144681,0.0
2026-04-17 16:49:39,0.24,BTC,SELL_OR_WAIT,77962.5,0.144681,0.0
2026-04-17 17:44:00,0.24,BTC,SELL_OR_WAIT,77390.4,0.144681,0.0
2026-04-17 18:51:57,0.24,BTC,SELL_OR_WAIT,77162.6,0.144681,0.0
2026-04-17 19:55:09,0.24,BTC,SELL_OR_WAIT,77356.8,0.144681,0.0
2026-04-17 20:39:14,0.24,BTC,SELL_OR_WAIT,77226.8,0.144681,0.0
2026-04-17 21:36:57,0.24,BTC,SELL_OR_WAIT,77377.2,0.144681,0.0
2026-04-17 22:32:58,0.24,BTC,SELL_OR_WAIT,77390.8,0.144681,0.0
2026-04-17 23:34:15,0.24,BTC,SELL_OR_WAIT,77064.1,0.144681,0.0
2026-04-18 01:51:21,0.24,BTC,SELL_OR_WAIT,77229.3,0.144681,0.0
2026-04-18 04:28:20,0.24,BTC,SELL_OR_WAIT,76978.9,0.144681,0.0
2026-04-18 06:10:33,0.24,BTC,SELL_OR_WAIT,77157.9,0.144681,0.0
2026-04-18 07:57:08,0.24,BTC,SELL_OR_WAIT,76933.9,0.144681,0.0
2026-04-18 08:46:48,0.24,BTC,SELL_OR_WAIT,76628.6,0.144681,0.0
2026-04-18 09:41:51,0.24,BTC,SELL_OR_WAIT,76638.9,0.144681,0.0
2026-04-18 10:34:53,0.24,BTC,SELL_OR_WAIT,76276.5,0.144681,0.0
2026-04-18 11:29:59,0.24,BTC,BUY_DCA,76082.4,0.144681,0.0
2026-04-18 12:49:13,0.24,BTC,SELL_OR_WAIT,76207.7,0.144681,0.0
2026-04-18 13:58:28,0.24,BTC,SELL_OR_WAIT,76117.8,0.144681,0.0
2026-04-18 14:41:28,0.24,BTC,SELL_OR_WAIT,76251.2,0.144681,0.0
2026-04-18 15:32:45,0.24,BTC,SELL_OR_WAIT,76211.7,0.144681,0.0
2026-04-18 16:32:52,0.24,BTC,SELL_OR_WAIT,76056.7,0.144681,0.0
2026-04-18 17:31:56,0.24,BTC,SELL_OR_WAIT,75861.0,0.144681,0.0
2026-04-18 18:39:18,0.24,BTC,SELL_OR_WAIT,75558.7,0.144681,0.0
2026-04-18 19:36:58,0.24,BTC,SELL_OR_WAIT,75579.7,0.144681,0.0
2026-04-18 20:30:01,0.24,BTC,SELL_OR_WAIT,75718.1,0.144681,0.0
2026-04-18 21:28:50,0.24,BTC,SELL_OR_WAIT,75692.4,0.144681,0.0
2026-04-18 22:28:08,0.24,BTC,SELL_OR_WAIT,75708.4,0.144681,0.0
2026-04-18 23:29:11,0.24,BTC,SELL_OR_WAIT,75835.7,0.144681,0.0
2026-04-19 02:04:16,0.24,BTC,SELL_OR_WAIT,75594.4,0.144681,0.0
2026-04-19 05:23:43,0.24,BTC,SELL_OR_WAIT,75561.4,0.144681,0.0
2026-04-19 07:10:50,0.24,BTC,SELL_OR_WAIT,75247.0,0.144681,0.0
2026-04-19 08:45:45,0.24,BTC,SELL_OR_WAIT,75226.6,0.144681,0.0
2026-04-19 09:41:57,0.24,BTC,SELL_OR_WAIT,75078.5,0.144681,0.0
2026-04-19 10:34:07,0.24,BTC,SELL_OR_WAIT,75096.0,0.144681,0.0
2026-04-19 11:30:44,0.24,BTC,SELL_OR_WAIT,75413.2,0.144681,0.0
2026-04-19 12:46:37,0.24,BTC,SELL_OR_WAIT,75502.1,0.144681,0.0
2026-04-19 13:56:53,0.24,BTC,SELL_OR_WAIT,75923.1,0.144681,0.0
2026-04-19 14:38:19,0.24,BTC,SELL_OR_WAIT,75869.0,0.144681,0.0
2026-04-19 15:33:12,0.24,BTC,SELL_OR_WAIT,75898.8,0.144681,0.0
2026-04-19 16:33:17,0.24,BTC,SELL_OR_WAIT,75629.1,0.144681,0.0
2026-04-19 17:30:55,0.24,BTC,SELL_OR_WAIT,75312.4,0.144681,0.0
2026-04-19 18:39:41,0.24,BTC,SELL_OR_WAIT,74755.8,0.144681,0.0
2026-04-19 19:37:31,0.24,BTC,SELL_OR_WAIT,74941.0,0.144681,0.0
2026-04-19 20:30:42,0.24,BTC,SELL_OR_WAIT,74749.9,0.144681,0.0
2026-04-19 21:29:54,0.24,BTC,SELL_OR_WAIT,74750.1,0.144681,0.0
2026-04-19 22:29:21,0.24,BTC,SELL_OR_WAIT,73990.8,0.144681,0.0
2026-04-19 23:31:05,0.24,BTC,SELL_OR_WAIT,73927.8,0.144681,0.0
2026-04-20 02:05:19,0.24,BTC,SELL_OR_WAIT,74504.8,0.144681,0.0
2026-04-20 05:35:11,0.24,BTC,SELL_OR_WAIT,74179.9,0.144681,0.0
2026-04-20 07:56:59,0.24,BTC,SELL_OR_WAIT,74785.0,0.144681,0.0
2026-04-20 09:56:59,0.24,BTC,SELL_OR_WAIT,75088.1,0.144681,0.0
2026-04-20 11:17:49,0.24,BTC,SELL_OR_WAIT,75207.6,0.144681,0.0
2026-04-20 13:17:11,0.24,BTC,SELL_OR_WAIT,75152.7,0.144681,0.0
2026-04-20 15:13:28,0.24,BTC,SELL_OR_WAIT,74950.2,0.144681,0.0
2026-04-20 16:59:09,0.24,BTC,SELL_OR_WAIT,75321.8,0.144681,0.0
2026-04-20 18:00:53,0.24,BTC,SELL_OR_WAIT,75946.8,0.144681,0.0
2026-04-20 19:57:56,0.24,BTC,SELL_OR_WAIT,76318.2,0.144681,0.0
2026-04-20 20:47:28,0.24,BTC,SELL_OR_WAIT,76283.3,0.144681,0.0
2026-04-20 21:41:11,0.24,BTC,SELL_OR_WAIT,75869.2,0.144681,0.0
2026-04-20 22:37:55,0.24,BTC,SELL_OR_WAIT,76042.8,0.144681,0.0
2026-04-20 23:37:57,0.24,BTC,SELL_OR_WAIT,75778.9,0.144681,0.0
2026-04-21 02:00:56,0.24,BTC,SELL_OR_WAIT,75876.3,0.144681,0.0
2026-04-21 05:22:13,0.24,BTC,SELL_OR_WAIT,75938.0,0.144681,0.0
2026-04-21 07:26:17,0.24,BTC,SELL_OR_WAIT,76270.0,0.144681,0.0
2026-04-21 09:20:30,0.24,BTC,SELL_OR_WAIT,76515.8,0.144681,0.0
2026-04-21 11:01:14,0.24,BTC,SELL_OR_WAIT,76706.8,0.144681,0.0
2026-04-21 13:10:30,0.24,BTC,SELL_OR_WAIT,75997.0,0.144681,0.0
2026-04-21 15:07:18,0.24,BTC,SELL_OR_WAIT,75680.9,0.144681,0.0
2026-04-21 16:54:00,0.24,BTC,SELL_OR_WAIT,75965.4,0.144681,0.0
2026-04-21 17:56:35,0.24,BTC,SELL_OR_WAIT,75513.2,0.144681,0.0
2026-04-21 19:06:54,0.24,BTC,SELL_OR_WAIT,75744.7,0.144681,0.0
2026-04-21 20:43:36,0.24,BTC,SELL_OR_WAIT,75666.5,0.144681,0.0
2026-04-21 21:40:11,0.24,BTC,SELL_OR_WAIT,75620.1,0.144681,0.0
2026-04-21 22:33:48,0.24,BTC,SELL_OR_WAIT,75343.2,0.144681,0.0
2026-04-21 23:30:50,0.24,BTC,SELL_OR_WAIT,75797.5,0.144681,0.0
2026-04-22 01:59:36,0.24,BTC,SELL_OR_WAIT,76304.1,0.144681,0.0
2026-04-22 04:49:51,0.24,BTC,SELL_OR_WAIT,77536.7,0.144681,0.0
2026-04-22 06:54:51,0.24,BTC,SELL_OR_WAIT,77994.7,0.144681,0.0
2026-04-22 08:27:46,0.24,BTC,SELL_OR_WAIT,78044.7,0.144681,0.0
2026-04-22 10:15:57,0.24,BTC,SELL_OR_WAIT,78031.0,0.144681,0.0
2026-04-22 11:56:32,0.24,BTC,SELL_OR_WAIT,78284.5,0.144681,0.0
2026-04-22 13:19:25,0.24,BTC,SELL_OR_WAIT,78426.9,0.144681,0.0
2026-04-22 15:07:48,0.24,BTC,SELL_OR_WAIT,78915.7,0.144681,0.0
2026-04-22 16:53:18,0.24,BTC,SELL_OR_WAIT,78746.1,0.144681,0.0
2026-04-22 17:56:26,0.24,BTC,SELL_OR_WAIT,78990.1,0.144681,0.0
2026-04-22 19:08:07,0.24,BTC,SELL_OR_WAIT,78774.5,0.144681,0.0
2026-04-22 20:47:13,0.24,BTC,SELL_OR_WAIT,78479.8,0.144681,0.0
2026-04-22 21:45:05,0.24,BTC,SELL_OR_WAIT,78749.3,0.144681,0.0
2026-04-22 22:41:56,0.24,BTC,SELL_OR_WAIT,78537.2,0.144681,0.0
2026-04-22 23:41:05,0.24,BTC,SELL_OR_WAIT,78283.6,0.144681,0.0
2026-04-23 02:03:23,0.24,BTC,SELL_OR_WAIT,78274.5,0.144681,0.0
2026-04-23 05:24:37,0.24,BTC,SELL_OR_WAIT,77951.4,0.144681,0.0
2026-04-23 07:27:37,0.24,BTC,SELL_OR_WAIT,78141.0,0.144681,0.0
2026-04-23 09:21:29,0.24,BTC,SELL_OR_WAIT,77645.2,0.144681,0.0
2026-04-23 11:03:00,0.24,BTC,SELL_OR_WAIT,77443.3,0.144681,0.0
2026-04-23 13:12:42,0.24,BTC,SELL_OR_WAIT,77760.6,0.144681,0.0
2026-04-23 15:48:00,0.24,BTC,SELL_OR_WAIT,78339.6,0.144681,0.0
2026-04-23 17:13:45,0.24,BTC,SELL_OR_WAIT,77783.6,0.144681,0.0
2026-04-23 19:00:30,0.24,BTC,SELL_OR_WAIT,77687.5,0.144681,0.0
2026-04-23 20:09:45,0.24,BTC,SELL_OR_WAIT,77904.1,0.144681,0.0
2026-04-23 21:40:13,0.24,BTC,SELL_OR_WAIT,77974.5,0.144681,0.0
2026-04-23 22:38:05,0.24,BTC,SELL_OR_WAIT,78232.8,0.144681,0.0
2026-04-23 23:39:38,0.24,BTC,SELL_OR_WAIT,78217.2,0.144681,0.0
2026-04-24 02:04:02,0.24,BTC,SELL_OR_WAIT,78515.0,0.144681,0.0
2026-04-24 05:29:49,0.24,BTC,SELL_OR_WAIT,77627.9,0.144681,0.0
2026-04-24 07:53:09,0.24,BTC,SELL_OR_WAIT,77713.4,0.144681,0.0
2026-04-24 09:25:59,0.24,BTC,SELL_OR_WAIT,77499.2,0.144681,0.0
2026-04-24 11:01:28,0.24,BTC,SELL_OR_WAIT,77873.7,0.144681,0.0
2026-04-24 13:09:10,0.24,BTC,SELL_OR_WAIT,78343.4,0.144681,0.0
2026-04-24 15:03:45,0.24,BTC,SELL_OR_WAIT,77937.2,0.144681,0.0
2026-04-24 16:49:28,0.24,BTC,SELL_OR_WAIT,77650.3,0.144681,0.0
2026-04-24 17:44:56,0.24,BTC,SELL_OR_WAIT,77603.2,0.144681,0.0
2026-04-24 18:41:06,0.24,BTC,SELL_OR_WAIT,77562.6,0.144681,0.0
2026-04-24 19:46:55,0.24,BTC,SELL_OR_WAIT,77583.8,0.144681,0.0
2026-04-24 20:39:58,0.24,BTC,SELL_OR_WAIT,77650.1,0.144681,0.0
2026-04-24 21:42:02,0.24,BTC,SELL_OR_WAIT,77599.1,0.144681,0.0
2026-04-24 22:34:57,0.24,BTC,SELL_OR_WAIT,77462.8,0.144681,0.0
2026-04-24 23:35:32,0.24,BTC,SELL_OR_WAIT,77422.0,0.144681,0.0
2026-04-25 01:53:27,0.24,BTC,SELL_OR_WAIT,77581.9,0.144681,0.0
2026-04-25 04:32:57,0.24,BTC,SELL_OR_WAIT,77638.4,0.144681,0.0
2026-04-25 06:18:17,0.24,BTC,SELL_OR_WAIT,77550.1,0.144681,0.0
2026-04-25 08:02:40,0.24,BTC,SELL_OR_WAIT,77508.9,0.144681,0.0
2026-04-25 09:45:58,0.24,BTC,SELL_OR_WAIT,77746.2,0.144681,0.0
2026-04-25 10:38:02,0.24,BTC,SELL_OR_WAIT,77845.9,0.144681,0.0
2026-04-25 11:34:37,0.24,BTC,SELL_OR_WAIT,77652.3,0.144681,0.0
2026-04-25 12:51:03,0.24,BTC,SELL_OR_WAIT,77555.3,0.144681,0.0
2026-04-25 14:00:50,0.24,BTC,SELL_OR_WAIT,77694.0,0.144681,0.0
2026-04-25 15:35:14,0.24,BTC,SELL_OR_WAIT,77704.1,0.144681,0.0
2026-04-25 16:35:19,0.24,BTC,SELL_OR_WAIT,77380.0,0.144681,0.0
2026-04-25 17:33:50,0.24,BTC,SELL_OR_WAIT,77252.2,0.144681,0.0
2026-04-25 18:41:11,0.24,BTC,SELL_OR_WAIT,77352.1,0.144681,0.0
2026-04-25 19:40:19,0.24,BTC,SELL_OR_WAIT,77226.9,0.144681,0.0
2026-04-25 20:32:32,0.24,BTC,SELL_OR_WAIT,77400.7,0.144681,0.0
2026-04-25 21:31:20,0.24,BTC,SELL_OR_WAIT,77498.5,0.144681,0.0
2026-04-25 22:30:46,0.24,BTC,SELL_OR_WAIT,77596.6,0.144681,0.0
2026-04-25 23:32:11,0.24,BTC,SELL_OR_WAIT,77586.3,0.144681,0.0
2026-04-26 02:07:18,0.24,BTC,SELL_OR_WAIT,77505.3,0.144681,0.0
2026-04-26 05:33:32,0.24,BTC,SELL_OR_WAIT,78041.0,0.144681,0.0
2026-04-26 07:20:56,0.24,BTC,SELL_OR_WAIT,78006.2,0.144681,0.0
2026-04-26 08:53:39,0.24,BTC,SELL_OR_WAIT,78039.3,0.144681,0.0
2026-04-26 09:48:54,0.24,BTC,SELL_OR_WAIT,77954.6,0.144681,0.0
2026-04-26 10:39:51,0.24,BTC,SELL_OR_WAIT,78003.3,0.144681,0.0
2026-04-26 11:35:26,0.24,BTC,SELL_OR_WAIT,78078.0,0.144681,0.0
2026-04-26 12:53:17,0.24,BTC,SELL_OR_WAIT,77863.3,0.144681,0.0
2026-04-26 14:02:23,0.24,BTC,SELL_OR_WAIT,77921.6,0.144681,0.0
2026-04-26 15:37:43,0.24,BTC,SELL_OR_WAIT,78043.8,0.144681,0.0
2026-04-26 16:36:27,0.24,BTC,SELL_OR_WAIT,78079.2,0.144681,0.0
2026-04-26 17:34:29,0.24,BTC,SELL_OR_WAIT,77972.5,0.144681,0.0
2026-04-26 18:42:14,0.24,BTC,SELL_OR_WAIT,78158.2,0.144681,0.0
2026-04-26 19:42:11,0.24,BTC,SELL_OR_WAIT,78154.7,0.144681,0.0
2026-04-26 20:33:01,0.24,BTC,SELL_OR_WAIT,78277.2,0.144681,0.0
2026-04-26 21:33:16,0.24,BTC,SELL_OR_WAIT,78051.7,0.144681,0.0
2026-04-26 22:32:27,0.24,BTC,SELL_OR_WAIT,78441.0,0.144681,0.0
2026-04-26 23:33:57,0.24,BTC,SELL_OR_WAIT,78402.3,0.144681,0.0
2026-04-27 02:09:57,0.24,BTC,SELL_OR_WAIT,79131.8,0.144681,0.0
2026-04-27 05:48:19,0.24,BTC,SELL_OR_WAIT,77777.4,0.144681,0.0
2026-04-27 08:11:52,0.24,BTC,SELL_OR_WAIT,77619.6,0.144681,0.0
2026-04-27 10:57:13,0.24,BTC,SELL_OR_WAIT,77860.7,0.144681,0.0
2026-04-27 12:19:30,0.24,BTC,SELL_OR_WAIT,77846.8,0.144681,0.0
2026-04-27 15:02:18,0.24,BTC,SELL_OR_WAIT,77788.0,0.144681,0.0
2026-04-27 17:17:10,0.24,BTC,SELL_OR_WAIT,76732.2,0.144681,0.0
2026-04-27 19:09:11,0.24,BTC,SELL_OR_WAIT,76779.3,0.144681,0.0
2026-04-27 20:56:04,0.24,BTC,SELL_OR_WAIT,76957.2,0.144681,0.0
2026-04-27 21:51:26,0.24,BTC,SELL_OR_WAIT,76925.1,0.144681,0.0
2026-04-27 22:44:15,0.24,BTC,SELL_OR_WAIT,77015.6,0.144681,0.0
2026-04-27 23:46:33,0.24,BTC,SELL_OR_WAIT,77327.8,0.144681,0.0
2026-04-28 02:24:56,0.24,BTC,SELL_OR_WAIT,77142.6,0.144681,0.0
2026-04-28 05:53:50,0.24,BTC,SELL_OR_WAIT,76971.1,0.144681,0.0
2026-04-28 08:13:38,0.24,BTC,SELL_OR_WAIT,76819.3,0.144681,0.0
2026-04-28 10:59:26,0.24,BTC,SELL_OR_WAIT,76593.7,0.144681,0.0
2026-04-28 12:25:00,0.24,BTC,SELL_OR_WAIT,76226.2,0.144681,0.0
2026-04-28 15:23:51,0.24,BTC,SELL_OR_WAIT,76035.1,0.144681,0.0
2026-04-28 17:43:05,0.24,BTC,SELL_OR_WAIT,76186.2,0.144681,0.0
2026-04-28 19:25:00,0.24,BTC,SELL_OR_WAIT,76106.5,0.144681,0.0
2026-04-28 21:03:06,0.24,BTC,SELL_OR_WAIT,76469.1,0.144681,0.0
2026-04-28 22:51:26,0.24,BTC,SELL_OR_WAIT,76247.6,0.144681,0.0
2026-04-28 23:50:01,0.24,BTC,SELL_OR_WAIT,76322.0,0.144681,0.0
2026-04-29 02:25:37,0.24,BTC,SELL_OR_WAIT,76500.5,0.144681,0.0
2026-04-29 05:49:06,0.24,BTC,SELL_OR_WAIT,77274.9,0.144681,0.0
2026-04-29 08:06:42,0.24,BTC,SELL_OR_WAIT,76995.1,0.144681,0.0
2026-04-29 10:49:59,0.24,BTC,SELL_OR_WAIT,77645.7,0.144681,0.0
2026-04-29 12:13:51,0.24,BTC,SELL_OR_WAIT,77481.3,0.144681,0.0
2026-04-29 15:07:20,11047.37,BTC,SELL_ALL,76355.1,0.0,11047.13
2026-04-29 17:22:17,11047.37,BTC,SELL_OR_WAIT,76070.4,0.0,0.0
2026-04-29 19:15:27,11047.37,BTC,SELL_OR_WAIT,75570.4,0.0,0.0
2026-04-29 20:57:29,11047.37,BTC,SELL_OR_WAIT,75751.6,0.0,0.0
2026-04-29 21:58:22,11047.37,BTC,SELL_OR_WAIT,75969.8,0.0,0.0
2026-04-29 22:58:17,11047.37,BTC,SELL_OR_WAIT,75938.0,0.0,0.0
2026-04-29 23:55:39,11047.37,BTC,SELL_OR_WAIT,75811.2,0.0,0.0
2026-04-30 02:26:38,11047.37,BTC,SELL_OR_WAIT,76197.8,0.0,0.0
2026-04-30 05:53:11,11047.37,BTC,SELL_OR_WAIT,75724.2,0.0,0.0
2026-04-30 08:10:57,11047.37,BTC,SELL_OR_WAIT,76110.8,0.0,0.0
2026-04-30 10:49:57,11047.37,BTC,SELL_OR_WAIT,76034.3,0.0,0.0
2026-04-30 12:11:41,11047.37,BTC,SELL_OR_WAIT,76120.0,0.0,0.0
2026-04-30 15:04:04,11047.37,BTC,SELL_OR_WAIT,76248.2,0.0,0.0
2026-04-30 17:14:06,11047.37,BTC,SELL_OR_WAIT,76231.8,0.0,0.0
2026-04-30 19:10:51,11047.37,BTC,SELL_OR_WAIT,76452.7,0.0,0.0
2026-04-30 20:54:11,11047.37,BTC,SELL_OR_WAIT,76533.7,0.0,0.0
2026-04-30 21:52:52,11047.37,BTC,SELL_OR_WAIT,76281.6,0.0,0.0
2026-04-30 22:46:33,11047.37,BTC,SELL_OR_WAIT,76309.6,0.0,0.0
2026-04-30 23:45:59,11047.37,BTC,SELL_OR_WAIT,76298.6,0.0,0.0
2026-05-01 02:31:35,11047.37,BTC,SELL_OR_WAIT,76579.2,0.0,0.0
2026-05-01 06:10:50,11047.37,BTC,SELL_OR_WAIT,77096.2,0.0,0.0
2026-05-01 08:56:15,11047.37,BTC,SELL_OR_WAIT,77363.3,0.0,0.0
2026-05-01 10:20:12,11047.37,BTC,SELL_OR_WAIT,77279.8,0.0,0.0
2026-05-01 11:54:38,11047.37,BTC,SELL_OR_WAIT,77395.5,0.0,0.0
2026-05-01 13:06:08,11047.37,BTC,SELL_OR_WAIT,78168.6,0.0,0.0
2026-05-01 14:50:01,11047.37,BTC,SELL_OR_WAIT,78382.3,0.0,0.0
2026-05-01 15:51:27,11047.37,BTC,SELL_OR_WAIT,78317.0,0.0,0.0
2026-05-01 16:50:29,11047.37,BTC,SELL_OR_WAIT,78175.4,0.0,0.0
2026-05-01 17:54:18,11047.37,BTC,SELL_OR_WAIT,78504.5,0.0,0.0
2026-05-01 19:03:15,11047.37,BTC,SELL_OR_WAIT,78476.8,0.0,0.0
2026-05-01 20:43:52,11047.37,BTC,SELL_OR_WAIT,78001.9,0.0,0.0
2026-05-01 21:46:36,11047.37,BTC,SELL_OR_WAIT,78142.2,0.0,0.0
2026-05-01 22:43:19,11047.37,BTC,SELL_OR_WAIT,78236.0,0.0,0.0
2026-05-01 23:44:53,11047.37,BTC,SELL_OR_WAIT,78111.2,0.0,0.0
2026-05-02 02:07:57,11047.37,BTC,SELL_OR_WAIT,78351.5,0.0,0.0
2026-05-02 05:31:40,11047.37,BTC,SELL_OR_WAIT,78135.4,0.0,0.0
2026-05-02 07:23:50,11047.37,BTC,SELL_OR_WAIT,78337.6,0.0,0.0
2026-05-02 09:00:21,11047.37,BTC,SELL_OR_WAIT,78312.1,0.0,0.0
2026-05-02 10:03:59,11047.37,BTC,SELL_OR_WAIT,78291.4,0.0,0.0
2026-05-02 11:39:58,11047.37,BTC,SELL_OR_WAIT,78163.9,0.0,0.0
2026-05-02 12:56:36,11047.37,BTC,SELL_OR_WAIT,78200.9,0.0,0.0
2026-05-02 14:09:32,11047.37,BTC,SELL_OR_WAIT,78351.6,0.0,0.0
2026-05-02 15:40:45,11047.37,BTC,SELL_OR_WAIT,78410.6,0.0,0.0
2026-05-02 16:40:00,11047.37,BTC,SELL_OR_WAIT,78472.5,0.0,0.0
2026-05-02 17:39:37,11047.37,BTC,SELL_OR_WAIT,78469.4,0.0,0.0
2026-05-02 18:49:58,11047.37,BTC,SELL_OR_WAIT,78442.1,0.0,0.0
2026-05-02 19:51:11,11047.37,BTC,SELL_OR_WAIT,78481.1,0.0,0.0
2026-05-02 20:35:29,11047.37,BTC,SELL_OR_WAIT,78439.0,0.0,0.0
2026-05-02 21:34:48,11047.37,BTC,SELL_OR_WAIT,78526.3,0.0,0.0
2026-05-02 22:34:04,11047.37,BTC,SELL_OR_WAIT,78717.5,0.0,0.0
2026-05-02 23:37:23,11047.37,BTC,SELL_OR_WAIT,78739.4,0.0,0.0
2026-05-03 02:13:59,11047.37,BTC,SELL_OR_WAIT,78150.0,0.0,0.0
2026-05-03 05:53:04,11047.37,BTC,SELL_OR_WAIT,78234.9,0.0,0.0
2026-05-03 07:52:51,11047.37,BTC,SELL_OR_WAIT,78377.2,0.0,0.0
2026-05-03 09:17:59,11047.37,BTC,SELL_OR_WAIT,78405.1,0.0,0.0
2026-05-03 10:49:26,11047.37,BTC,SELL_OR_WAIT,78411.7,0.0,0.0
2026-05-03 11:37:34,11047.37,BTC,SELL_OR_WAIT,78557.4,0.0,0.0
2026-05-03 12:55:44,11047.37,BTC,SELL_OR_WAIT,78744.1,0.0,0.0
2026-05-03 14:09:09,11047.37,BTC,SELL_OR_WAIT,78713.2,0.0,0.0
2026-05-03 15:40:53,11047.37,BTC,SELL_OR_WAIT,78673.7,0.0,0.0
2026-05-03 16:41:16,11047.37,BTC,SELL_OR_WAIT,78714.5,0.0,0.0
2026-05-03 17:42:05,11047.37,BTC,SELL_OR_WAIT,78791.6,0.0,0.0
2026-05-03 18:50:59,11047.37,BTC,SELL_OR_WAIT,78733.3,0.0,0.0
2026-05-03 19:51:15,11047.37,BTC,SELL_OR_WAIT,78780.1,0.0,0.0
2026-05-03 20:36:38,11047.37,BTC,SELL_OR_WAIT,79213.8,0.0,0.0
2026-05-03 21:36:19,11047.37,BTC,SELL_OR_WAIT,78907.7,0.0,0.0
2026-05-03 22:34:51,11047.37,BTC,SELL_OR_WAIT,79173.5,0.0,0.0
2026-05-03 23:38:24,11047.37,BTC,SELL_OR_WAIT,78629.2,0.0,0.0
2026-05-04 02:13:11,11047.37,BTC,SELL_OR_WAIT,79919.7,0.0,0.0
2026-05-04 05:58:30,11047.37,BTC,SELL_OR_WAIT,80031.0,0.0,0.0
2026-05-04 08:32:00,11047.37,BTC,SELL_OR_WAIT,79759.6,0.0,0.0
2026-05-04 11:01:02,11047.37,BTC,SELL_OR_WAIT,78994.6,0.0,0.0
2026-05-04 13:29:02,11047.37,BTC,SELL_OR_WAIT,78959.0,0.0,0.0
2026-05-04 15:56:10,11047.37,BTC,SELL_OR_WAIT,79990.5,0.0,0.0
2026-05-04 17:26:34,11047.37,BTC,SELL_OR_WAIT,80458.1,0.0,0.0
2026-05-04 19:20:36,11047.37,BTC,SELL_OR_WAIT,79975.0,0.0,0.0
2026-05-04 21:02:30,11047.37,BTC,SELL_OR_WAIT,80037.2,0.0,0.0
2026-05-04 22:52:04,11047.37,BTC,SELL_OR_WAIT,80137.8,0.0,0.0
2026-05-04 23:47:33,11047.37,BTC,SELL_OR_WAIT,79775.3,0.0,0.0
2026-05-05 02:11:10,11047.37,BTC,SELL_OR_WAIT,80427.1,0.0,0.0
2026-05-05 05:37:34,11047.37,BTC,SELL_OR_WAIT,81096.9,0.0,0.0
2026-05-05 07:59:52,11047.37,BTC,SELL_OR_WAIT,80876.7,0.0,0.0
2026-05-05 10:07:25,11047.37,BTC,SELL_OR_WAIT,80688.5,0.0,0.0
2026-05-05 11:56:30,11047.37,BTC,SELL_OR_WAIT,80926.7,0.0,0.0
2026-05-05 13:29:41,11047.37,BTC,SELL_OR_WAIT,81470.2,0.0,0.0
2026-05-05 15:49:13,11047.37,BTC,SELL_OR_WAIT,81664.2,0.0,0.0
2026-05-05 17:18:05,11047.37,BTC,SELL_OR_WAIT,81363.7,0.0,0.0
2026-05-05 19:10:34,11047.37,BTC,SELL_OR_WAIT,81479.4,0.0,0.0
2026-05-05 20:57:00,11047.37,BTC,SELL_OR_WAIT,81659.6,0.0,0.0
2026-05-05 21:59:38,11047.37,BTC,SELL_OR_WAIT,81439.8,0.0,0.0
2026-05-05 22:58:50,11047.37,BTC,SELL_OR_WAIT,81125.0,0.0,0.0
2026-05-05 23:51:22,11047.37,BTC,SELL_OR_WAIT,80961.6,0.0,0.0
2026-05-06 02:12:18,11047.37,BTC,SELL_OR_WAIT,81373.0,0.0,0.0
2026-05-06 05:51:47,11047.37,BTC,SELL_OR_WAIT,81248.5,0.0,0.0
2026-05-06 08:14:16,11047.37,BTC,SELL_OR_WAIT,81558.5,0.0,0.0
2026-05-06 11:00:51,11047.37,BTC,SELL_OR_WAIT,82309.1,0.0,0.0
2026-05-06 13:52:22,11047.37,BTC,SELL_OR_WAIT,81737.6,0.0,0.0
2026-05-06 15:59:03,11047.37,BTC,SELL_OR_WAIT,81701.2,0.0,0.0
2026-05-06 17:43:47,11047.37,BTC,SELL_OR_WAIT,81495.8,0.0,0.0
2026-05-06 19:28:19,11047.37,BTC,SELL_OR_WAIT,81287.2,0.0,0.0
2026-05-06 21:06:02,11047.37,BTC,SELL_OR_WAIT,81449.3,0.0,0.0
2026-05-06 22:43:40,11047.37,BTC,SELL_OR_WAIT,81308.4,0.0,0.0
2026-05-06 23:43:39,11047.37,BTC,SELL_OR_WAIT,81384.5,0.0,0.0
2026-05-07 02:13:57,11047.37,BTC,SELL_OR_WAIT,80960.1,0.0,0.0
2026-05-07 05:55:52,11047.37,BTC,SELL_OR_WAIT,81041.7,0.0,0.0
2026-05-07 08:25:38,11047.37,BTC,SELL_OR_WAIT,81428.5,0.0,0.0
2026-05-07 11:04:41,11047.37,BTC,SELL_OR_WAIT,80961.7,0.0,0.0
2026-05-07 13:51:15,11047.37,BTC,SELL_OR_WAIT,80328.8,0.0,0.0
2026-05-07 16:03:04,11047.37,BTC,SELL_OR_WAIT,79921.1,0.0,0.0
2026-05-07 18:19:34,11047.37,BTC,SELL_OR_WAIT,80195.7,0.0,0.0
2026-05-07 20:10:11,11047.37,BTC,SELL_OR_WAIT,80204.7,0.0,0.0
2026-05-07 21:51:29,11047.37,BTC,SELL_OR_WAIT,79794.1,0.0,0.0
2026-05-07 22:56:14,11047.37,BTC,SELL_OR_WAIT,79915.4,0.0,0.0
2026-05-07 23:49:48,11047.37,BTC,SELL_OR_WAIT,80030.6,0.0,0.0
2026-05-08 02:30:33,11047.37,BTC,SELL_OR_WAIT,79473.8,0.0,0.0
2026-05-08 05:25:35,11047.37,BTC,SELL_OR_WAIT,79621.3,0.0,0.0
2026-05-08 07:20:59,11047.37,BTC,SELL_OR_WAIT,79373.4,0.0,0.0
2026-05-08 09:10:23,11047.37,BTC,SELL_OR_WAIT,79968.3,0.0,0.0
2026-05-08 11:06:46,11047.37,BTC,SELL_OR_WAIT,80237.6,0.0,0.0
2026-05-08 13:18:03,11047.37,BTC,SELL_OR_WAIT,79806.1,0.0,0.0
2026-05-08 15:16:49,11047.37,BTC,SELL_OR_WAIT,79856.0,0.0,0.0
2026-05-08 17:07:21,11047.37,BTC,SELL_OR_WAIT,79941.5,0.0,0.0
2026-05-08 19:08:33,11047.37,BTC,SELL_OR_WAIT,80063.8,0.0,0.0
2026-05-08 20:53:22,11047.37,BTC,SELL_OR_WAIT,80165.9,0.0,0.0
2026-05-08 21:54:49,11047.37,BTC,SELL_OR_WAIT,80194.2,0.0,0.0
2026-05-08 22:51:21,11047.37,BTC,SELL_OR_WAIT,80320.0,0.0,0.0
2026-05-08 23:51:51,11047.37,BTC,SELL_OR_WAIT,80183.5,0.0,0.0
2026-05-09 02:15:05,11047.37,BTC,SELL_OR_WAIT,80442.6,0.0,0.0
2026-05-09 05:43:54,11047.37,BTC,SELL_OR_WAIT,80480.1,0.0,0.0
2026-05-09 07:47:59,11047.37,BTC,SELL_OR_WAIT,80181.0,0.0,0.0
2026-05-09 09:12:59,11047.37,BTC,SELL_OR_WAIT,80375.7,0.0,0.0
2026-05-09 10:52:25,11047.37,BTC,SELL_OR_WAIT,80272.5,0.0,0.0
2026-05-09 11:44:25,11047.37,BTC,SELL_OR_WAIT,80336.6,0.0,0.0
2026-05-09 13:02:29,11047.37,BTC,SELL_OR_WAIT,80402.9,0.0,0.0
2026-05-09 14:44:21,11047.37,BTC,SELL_OR_WAIT,80343.8,0.0,0.0
2026-05-09 15:44:04,11047.37,BTC,SELL_OR_WAIT,80483.6,0.0,0.0
2026-05-09 16:44:54,11047.37,BTC,SELL_OR_WAIT,80630.5,0.0,0.0
2026-05-09 17:43:49,11047.37,BTC,SELL_OR_WAIT,80882.1,0.0,0.0
2026-05-09 18:51:50,11047.37,BTC,SELL_OR_WAIT,80897.3,0.0,0.0
2026-05-09 19:53:51,11047.37,BTC,SELL_OR_WAIT,80893.9,0.0,0.0
2026-05-09 20:38:28,11047.37,BTC,SELL_OR_WAIT,80775.7,0.0,0.0
2026-05-09 21:37:51,11047.37,BTC,SELL_OR_WAIT,80792.1,0.0,0.0
2026-05-09 22:36:38,11047.37,BTC,SELL_OR_WAIT,80744.5,0.0,0.0
2026-05-09 23:40:57,11047.37,BTC,SELL_OR_WAIT,80635.2,0.0,0.0
2026-05-10 02:26:16,11047.37,BTC,SELL_OR_WAIT,80727.6,0.0,0.0
2026-05-10 05:58:53,11047.37,BTC,SELL_OR_WAIT,80698.5,0.0,0.0
2026-05-10 08:10:58,11047.37,BTC,SELL_OR_WAIT,80791.0,0.0,0.0
2026-05-10 10:08:22,11047.37,BTC,SELL_OR_WAIT,80705.6,0.0,0.0
2026-05-10 11:44:39,11047.37,BTC,SELL_OR_WAIT,80827.7,0.0,0.0
2026-05-10 13:04:29,11047.37,BTC,SELL_OR_WAIT,80898.5,0.0,0.0
2026-05-10 14:46:17,11047.37,BTC,SELL_OR_WAIT,80887.1,0.0,0.0
2026-05-10 15:45:49,11047.37,BTC,SELL_OR_WAIT,81171.6,0.0,0.0
2026-05-10 16:45:18,11047.37,BTC,SELL_OR_WAIT,81230.5,0.0,0.0
2026-05-10 17:44:47,11047.37,BTC,SELL_OR_WAIT,81346.6,0.0,0.0
2026-05-10 18:53:16,11047.37,BTC,SELL_OR_WAIT,81271.3,0.0,0.0
2026-05-10 19:56:06,11047.37,BTC,SELL_OR_WAIT,81400.0,0.0,0.0
2026-05-10 20:41:53,11047.37,BTC,SELL_OR_WAIT,81015.9,0.0,0.0
2026-05-10 21:41:56,11047.37,BTC,SELL_OR_WAIT,80796.2,0.0,0.0
2026-05-10 22:39:57,11047.37,BTC,SELL_OR_WAIT,81923.4,0.0,0.0
2026-05-10 23:44:18,11047.37,BTC,SELL_OR_WAIT,82367.4,0.0,0.0
2026-05-11 02:35:38,11047.37,BTC,SELL_OR_WAIT,81183.5,0.0,0.0
2026-05-11 06:33:34,11047.37,BTC,SELL_OR_WAIT,80978.3,0.0,0.0
2026-05-11 10:32:39,11047.37,BTC,SELL_OR_WAIT,81203.3,0.0,0.0
2026-05-11 13:42:01,11047.37,BTC,SELL_OR_WAIT,80985.2,0.0,0.0
2026-05-11 16:27:20,11047.37,BTC,SELL_OR_WAIT,81808.5,0.0,0.0
2026-05-11 18:53:36,11047.37,BTC,SELL_OR_WAIT,81993.8,0.0,0.0
2026-05-11 20:29:22,11047.37,BTC,SELL_OR_WAIT,81914.4,0.0,0.0
2026-05-11 22:01:08,11047.37,BTC,SELL_OR_WAIT,81827.1,0.0,0.0
2026-05-11 23:52:49,11047.37,BTC,SELL_OR_WAIT,81764.0,0.0,0.0
2026-05-12 02:28:37,11047.37,BTC,SELL_OR_WAIT,81235.1,0.0,0.0
2026-05-12 06:08:47,11047.37,BTC,SELL_OR_WAIT,81242.6,0.0,0.0
2026-05-12 09:31:45,11047.37,BTC,SELL_OR_WAIT,80872.0,0.0,0.0
2026-05-12 11:49:22,11047.37,BTC,SELL_OR_WAIT,80761.2,0.0,0.0
2026-05-12 14:06:03,11047.37,BTC,SELL_OR_WAIT,80669.5,0.0,0.0
2026-05-12 17:05:08,11047.37,BTC,SELL_OR_WAIT,80119.4,0.0,0.0
2026-05-12 19:41:55,11047.37,BTC,SELL_OR_WAIT,80768.3,0.0,0.0
2026-05-12 21:13:38,11047.37,BTC,SELL_OR_WAIT,80703.2,0.0,0.0
2026-05-12 22:54:46,11047.37,BTC,SELL_OR_WAIT,80698.5,0.0,0.0
2026-05-12 23:54:48,11047.37,BTC,SELL_OR_WAIT,80480.9,0.0,0.0
2026-05-13 02:35:20,11047.37,BTC,SELL_OR_WAIT,81070.9,0.0,0.0
2026-05-13 06:22:15,11047.37,BTC,SELL_OR_WAIT,81053.1,0.0,0.0
2026-05-13 09:39:27,11047.37,BTC,SELL_OR_WAIT,81277.9,0.0,0.0
2026-05-13 11:58:56,11047.37,BTC,SELL_OR_WAIT,80509.8,0.0,0.0
2026-05-13 14:40:18,11047.37,BTC,SELL_OR_WAIT,79794.1,0.0,0.0
2026-05-13 17:12:01,10826.42,BTC,BUY_DCA,79178.0,0.002791,220.95
2026-05-13 19:46:06,10826.42,BTC,SELL_OR_WAIT,79540.9,0.002791,0.0
2026-05-13 21:20:54,10826.42,BTC,SELL_OR_WAIT,79419.3,0.002791,0.0
2026-05-13 23:00:35,10826.42,BTC,SELL_OR_WAIT,79435.2,0.002791,0.0
2026-05-14 00:09:47,10826.42,BTC,SELL_OR_WAIT,79497.6,0.002791,0.0
2026-05-14 04:39:41,10826.42,BTC,SELL_OR_WAIT,79384.8,0.002791,0.0
2026-05-14 07:39:30,10826.42,BTC,SELL_OR_WAIT,79923.1,0.002791,0.0
2026-05-14 10:10:16,10826.42,BTC,SELL_OR_WAIT,79573.1,0.002791,0.0
2026-05-14 12:23:06,10826.42,BTC,SELL_OR_WAIT,79380.0,0.002791,0.0
2026-05-14 15:15:02,10826.42,BTC,SELL_OR_WAIT,80988.3,0.002791,0.0
2026-05-14 17:45:18,10826.42,BTC,SELL_OR_WAIT,81687.6,0.002791,0.0
2026-05-14 19:39:42,10826.42,BTC,SELL_OR_WAIT,81387.7,0.002791,0.0
2026-05-14 21:05:39,10826.42,BTC,SELL_OR_WAIT,81386.6,0.002791,0.0
2026-05-14 22:52:28,10826.42,BTC,SELL_OR_WAIT,81476.5,0.002791,0.0
2026-05-14 23:52:17,10826.42,BTC,SELL_OR_WAIT,81102.7,0.002791,0.0
2026-05-15 02:36:03,10826.42,BTC,SELL_OR_WAIT,80885.5,0.002791,0.0
2026-05-15 06:28:37,10826.42,BTC,SELL_OR_WAIT,80503.2,0.002791,0.0
2026-05-15 09:42:08,10826.42,BTC,SELL_OR_WAIT,80475.9,0.002791,0.0
2026-05-15 11:50:38,10826.42,BTC,SELL_OR_WAIT,80680.0,0.002791,0.0
2026-05-15 13:51:38,10826.42,BTC,SELL_OR_WAIT,78700.0,0.002791,0.0
2026-05-15 16:00:18,10609.89,BTC,BUY_DCA,79164.8,0.005526,216.53
2026-05-15 17:47:30,10609.89,BTC,SELL_OR_WAIT,79379.6,0.005526,0.0
2026-05-15 19:22:58,10609.89,BTC,SELL_OR_WAIT,79149.5,0.005526,0.0
2026-05-15 20:55:33,10609.89,BTC,SELL_OR_WAIT,79102.2,0.005526,0.0
2026-05-15 21:53:55,10609.89,BTC,SELL_OR_WAIT,79071.7,0.005526,0.0
2026-05-15 22:49:54,10609.89,BTC,SELL_OR_WAIT,79117.1,0.005526,0.0
2026-05-15 23:50:51,10609.89,BTC,SELL_OR_WAIT,79123.8,0.005526,0.0
2026-05-16 02:26:08,10609.89,BTC,SELL_OR_WAIT,79171.5,0.005526,0.0
2026-05-16 05:49:28,10609.89,BTC,SELL_OR_WAIT,79000.2,0.005526,0.0
2026-05-16 07:55:30,10609.89,BTC,SELL_OR_WAIT,78380.0,0.005526,0.0
2026-05-16 09:25:26,10609.89,BTC,SELL_OR_WAIT,78069.0,0.005526,0.0
2026-05-16 10:57:54,10609.89,BTC,SELL_OR_WAIT,77967.3,0.005526,0.0
2026-05-16 11:50:55,10609.89,BTC,SELL_OR_WAIT,78123.1,0.005526,0.0
2026-05-16 13:08:34,10609.89,BTC,SELL_OR_WAIT,78003.2,0.005526,0.0
2026-05-16 14:50:57,10609.89,BTC,SELL_OR_WAIT,78157.5,0.005526,0.0
2026-05-16 15:53:00,10609.89,BTC,SELL_OR_WAIT,78248.8,0.005526,0.0
2026-05-16 16:52:10,10609.89,BTC,SELL_OR_WAIT,78209.3,0.005526,0.0
2026-05-16 17:51:56,10609.89,BTC,SELL_OR_WAIT,78243.7,0.005526,0.0
2026-05-16 18:55:28,10609.89,BTC,SELL_OR_WAIT,78245.5,0.005526,0.0
2026-05-16 20:00:13,10609.89,BTC,SELL_OR_WAIT,78272.6,0.005526,0.0
2026-05-16 20:57:26,10609.89,BTC,SELL_OR_WAIT,78255.4,0.005526,0.0
2026-05-16 21:48:06,10609.89,BTC,SELL_OR_WAIT,78269.0,0.005526,0.0
2026-05-16 22:39:41,10609.89,BTC,SELL_OR_WAIT,78225.1,0.005526,0.0
2026-05-16 23:44:52,10609.89,BTC,SELL_OR_WAIT,78215.0,0.005526,0.0
2026-05-17 02:33:20,10609.89,BTC,SELL_OR_WAIT,77879.9,0.005526,0.0
2026-05-17 06:17:22,10609.89,BTC,SELL_OR_WAIT,78200.5,0.005526,0.0
2026-05-17 09:00:26,10609.89,BTC,SELL_OR_WAIT,78095.6,0.005526,0.0
2026-05-17 10:26:26,10609.89,BTC,SELL_OR_WAIT,78507.0,0.005526,0.0
2026-05-17 11:57:01,10609.89,BTC,SELL_OR_WAIT,78401.9,0.005526,0.0
2026-05-17 13:15:55,10609.89,BTC,SELL_OR_WAIT,78239.3,0.005526,0.0
2026-05-17 14:51:57,10609.89,BTC,SELL_OR_WAIT,78052.9,0.005526,0.0
2026-05-17 15:53:52,10609.89,BTC,SELL_OR_WAIT,78052.1,0.005526,0.0
2026-05-17 16:51:55,10609.89,BTC,SELL_OR_WAIT,78076.6,0.005526,0.0
2026-05-17 17:53:42,10609.89,BTC,SELL_OR_WAIT,78064.0,0.005526,0.0
2026-05-17 18:59:49,10609.89,BTC,SELL_OR_WAIT,78283.8,0.005526,0.0
2026-05-17 20:06:28,10609.89,BTC,SELL_OR_WAIT,78383.3,0.005526,0.0
2026-05-17 21:49:13,10609.89,BTC,SELL_OR_WAIT,78444.4,0.005526,0.0
2026-05-17 22:48:00,10609.89,BTC,SELL_OR_WAIT,78009.5,0.005526,0.0
2026-05-17 23:53:07,10609.89,BTC,SELL_OR_WAIT,77527.2,0.005526,0.0
2026-05-18 02:43:42,10609.89,BTC,SELL_OR_WAIT,76859.9,0.005526,0.0
2026-05-18 06:51:30,10609.89,BTC,SELL_OR_WAIT,76916.9,0.005526,0.0
2026-05-18 11:02:17,10609.89,BTC,SELL_OR_WAIT,76737.8,0.005526,0.0
2026-05-18 15:01:41,10609.89,BTC,SELL_OR_WAIT,76253.7,0.005526,0.0
2026-05-18 17:54:40,10609.89,BTC,SELL_OR_WAIT,76736.0,0.005526,0.0
2026-05-18 19:29:49,10609.89,BTC,SELL_OR_WAIT,76652.7,0.005526,0.0
2026-05-18 21:06:11,10609.89,BTC,SELL_OR_WAIT,76861.6,0.005526,0.0
2026-05-18 22:54:48,10609.89,BTC,SELL_OR_WAIT,77011.1,0.005526,0.0
2026-05-19 00:00:12,10609.89,BTC,SELL_OR_WAIT,77022.8,0.005526,0.0
2026-05-19 04:07:44,10609.89,BTC,SELL_OR_WAIT,76797.3,0.005526,0.0
2026-05-19 08:22:09,10609.89,BTC,SELL_OR_WAIT,77124.6,0.005526,0.0
2026-05-19 11:56:43,10609.89,BTC,SELL_OR_WAIT,76733.6,0.005526,0.0
2026-05-19 14:54:16,10609.89,BTC,SELL_OR_WAIT,76265.0,0.005526,0.0
2026-05-19 17:35:40,10609.89,BTC,SELL_OR_WAIT,76756.1,0.005526,0.0
2026-05-19 19:45:45,10609.89,BTC,SELL_OR_WAIT,76823.1,0.005526,0.0
2026-05-19 21:14:11,10609.89,BTC,SELL_OR_WAIT,77003.9,0.005526,0.0
2026-05-19 22:58:54,10609.89,BTC,SELL_OR_WAIT,76725.1,0.005526,0.0
2026-05-20 00:09:39,10609.89,BTC,SELL_OR_WAIT,76713.4,0.005526,0.0
2026-05-20 04:59:33,10609.89,BTC,SELL_OR_WAIT,76779.3,0.005526,0.0
2026-05-20 08:28:22,10609.89,BTC,SELL_OR_WAIT,77261.8,0.005526,0.0
2026-05-20 11:45:10,10609.89,BTC,SELL_OR_WAIT,77398.3,0.005526,0.0
2026-05-20 14:46:34,10609.89,BTC,SELL_OR_WAIT,77397.3,0.005526,0.0
2026-05-20 17:50:45,10609.89,BTC,SELL_OR_WAIT,77610.9,0.005526,0.0
2026-05-20 20:05:49,10609.89,BTC,SELL_OR_WAIT,77615.2,0.005526,0.0
2026-05-20 22:21:25,10609.89,BTC,SELL_OR_WAIT,77236.0,0.005526,0.0
2026-05-21 00:02:23,10609.89,BTC,SELL_OR_WAIT,77541.9,0.005526,0.0
2026-05-21 05:05:24,10609.89,BTC,SELL_OR_WAIT,78105.4,0.005526,0.0
2026-05-21 09:27:16,10609.89,BTC,SELL_OR_WAIT,77924.4,0.005526,0.0
2026-05-21 12:40:10,10609.89,BTC,SELL_OR_WAIT,77298.9,0.005526,0.0
2026-05-21 16:13:03,10609.89,BTC,SELL_OR_WAIT,77279.8,0.005526,0.0
2026-05-21 18:56:08,10609.89,BTC,SELL_OR_WAIT,77343.6,0.005526,0.0
2026-05-21 20:48:59,10609.89,BTC,SELL_OR_WAIT,77799.0,0.005526,0.0
2026-05-21 22:15:37,10609.89,BTC,SELL_OR_WAIT,77633.3,0.005526,0.0
2026-05-21 23:56:20,10609.89,BTC,SELL_OR_WAIT,77676.3,0.005526,0.0
2026-05-22 02:52:34,10609.89,BTC,SELL_OR_WAIT,77631.3,0.005526,0.0
2026-05-22 06:44:32,10609.89,BTC,SELL_OR_WAIT,77427.0,0.005526,0.0
2026-05-22 10:20:38,10609.89,BTC,SELL_OR_WAIT,77273.1,0.005526,0.0
2026-05-22 13:26:54,10609.89,BTC,SELL_OR_WAIT,77365.8,0.005526,0.0
2026-05-22 16:20:13,10609.89,BTC,SELL_OR_WAIT,76838.6,0.005526,0.0
2026-05-22 18:50:35,10609.89,BTC,SELL_OR_WAIT,76359.8,0.005526,0.0
2026-05-22 20:29:42,10609.89,BTC,SELL_OR_WAIT,75984.9,0.005526,0.0
2026-05-22 22:03:02,10609.89,BTC,SELL_OR_WAIT,75952.9,0.005526,0.0
2026-05-23 00:00:39,10609.89,BTC,SELL_OR_WAIT,75516.1,0.005526,0.0
2026-05-23 04:34:29,10609.89,BTC,SELL_OR_WAIT,75646.0,0.005526,0.0
2026-05-23 07:27:29,10609.89,BTC,SELL_OR_WAIT,75282.4,0.005526,0.0
2026-05-23 09:46:03,10609.89,BTC,SELL_OR_WAIT,74745.3,0.005526,0.0
2026-05-23 11:05:22,10609.89,BTC,SELL_OR_WAIT,74743.6,0.005526,0.0
2026-05-23 13:10:28,10609.89,BTC,SELL_OR_WAIT,74952.5,0.005526,0.0
2026-05-23 14:56:01,10609.89,BTC,SELL_OR_WAIT,75531.1,0.005526,0.0
2026-05-23 15:59:01,10609.89,BTC,SELL_OR_WAIT,75513.7,0.005526,0.0
2026-05-23 17:03:21,10609.89,BTC,SELL_OR_WAIT,75458.3,0.005526,0.0
2026-05-23 19:00:34,10609.89,BTC,SELL_OR_WAIT,75866.0,0.005526,0.0
2026-05-23 20:09:08,10609.89,BTC,SELL_OR_WAIT,75964.0,0.005526,0.0
2026-05-23 21:48:10,10609.89,BTC,SELL_OR_WAIT,76596.8,0.005526,0.0
2026-05-23 22:45:38,10609.89,BTC,SELL_OR_WAIT,76552.8,0.005526,0.0
2026-05-23 23:52:39,10609.89,BTC,SELL_OR_WAIT,76743.2,0.005526,0.0
2026-05-24 02:40:39,10609.89,BTC,SELL_OR_WAIT,76806.9,0.005526,0.0
2026-05-24 06:32:30,10609.89,BTC,SELL_OR_WAIT,76767.6,0.005526,0.0
2026-05-24 09:17:21,10609.89,BTC,SELL_OR_WAIT,76906.2,0.005526,0.0
2026-05-24 11:11:20,10609.89,BTC,SELL_OR_WAIT,77289.7,0.005526,0.0
2026-05-24 13:10:33,10609.89,BTC,SELL_OR_WAIT,77058.7,0.005526,0.0
2026-05-24 14:58:12,10609.89,BTC,SELL_OR_WAIT,76460.6,0.005526,0.0
2026-05-24 16:01:29,10609.89,BTC,SELL_OR_WAIT,76395.6,0.005526,0.0
2026-05-24 17:55:05,10609.89,BTC,SELL_OR_WAIT,76710.1,0.005526,0.0
2026-05-24 19:07:37,10609.89,BTC,SELL_OR_WAIT,76697.1,0.005526,0.0
2026-05-24 20:47:03,10609.89,BTC,SELL_OR_WAIT,76711.5,0.005526,0.0
2026-05-24 21:51:22,10609.89,BTC,SELL_OR_WAIT,76226.8,0.005526,0.0
2026-05-24 22:52:22,10609.89,BTC,SELL_OR_WAIT,76868.9,0.005526,0.0
2026-05-24 23:55:00,10609.89,BTC,SELL_OR_WAIT,77126.3,0.005526,0.0
2026-05-25 02:49:55,10609.89,BTC,SELL_OR_WAIT,77166.2,0.005526,0.0
2026-05-25 07:08:47,10609.89,BTC,SELL_OR_WAIT,77430.5,0.005526,0.0
2026-05-25 11:48:06,10609.89,BTC,SELL_OR_WAIT,77453.8,0.005526,0.0
2026-05-25 14:42:23,10609.89,BTC,SELL_OR_WAIT,77553.4,0.005526,0.0
2026-05-25 17:03:18,10609.89,BTC,SELL_OR_WAIT,77784.3,0.005526,0.0
2026-05-25 19:20:13,10609.89,BTC,SELL_OR_WAIT,77495.2,0.005526,0.0
2026-05-25 20:59:37,10609.89,BTC,SELL_OR_WAIT,77289.9,0.005526,0.0
2026-05-25 22:12:11,10609.89,BTC,SELL_OR_WAIT,77413.7,0.005526,0.0
2026-05-26 00:00:48,10609.89,BTC,SELL_OR_WAIT,77323.7,0.005526,0.0
2026-05-26 04:57:56,10609.89,BTC,SELL_OR_WAIT,76796.4,0.005526,0.0
2026-05-26 08:31:16,10609.89,BTC,SELL_OR_WAIT,76790.0,0.005526,0.0
2026-05-26 15:39:40,10609.89,BTC,SELL_OR_WAIT,76435.6,0.005526,0.0
2026-05-26 18:20:50,10609.89,BTC,SELL_OR_WAIT,76133.1,0.005526,0.0
2026-05-26 20:51:15,10609.89,BTC,SELL_OR_WAIT,76071.4,0.005526,0.0
2026-05-26 22:16:45,10609.89,BTC,SELL_OR_WAIT,75773.8,0.005526,0.0
2026-05-26 23:59:42,10609.89,BTC,SELL_OR_WAIT,75929.2,0.005526,0.0
2026-05-27 04:14:37,10609.89,BTC,SELL_OR_WAIT,75628.3,0.005526,0.0
2026-05-27 08:35:35,10609.89,BTC,SELL_OR_WAIT,75991.1,0.005526,0.0
2026-05-27 16:34:02,10609.89,BTC,SELL_OR_WAIT,75122.1,0.005526,0.0
2026-05-27 19:18:32,10609.89,BTC,SELL_OR_WAIT,75049.2,0.005526,0.0
2026-05-27 21:48:48,10609.89,BTC,SELL_OR_WAIT,74499.5,0.005526,0.0
2026-05-27 23:12:29,10609.89,BTC,SELL_OR_WAIT,74454.0,0.005526,0.0
2026-05-28 02:35:32,10609.89,BTC,SELL_OR_WAIT,74175.7,0.005526,0.0
2026-05-28 06:49:12,10609.89,BTC,SELL_OR_WAIT,73180.4,0.005526,0.0
2026-05-28 10:51:11,10609.89,BTC,SELL_OR_WAIT,73475.7,0.005526,0.0
2026-05-28 14:33:37,10609.89,BTC,SELL_OR_WAIT,73033.3,0.005526,0.0
2026-05-28 17:59:58,10609.89,BTC,SELL_OR_WAIT,73549.9,0.005526,0.0
2026-05-28 20:30:25,10609.89,BTC,SELL_OR_WAIT,73676.2,0.005526,0.0
2026-05-28 22:29:20,10609.89,BTC,SELL_OR_WAIT,73616.9,0.005526,0.0
2026-05-29 00:06:30,10609.89,BTC,SELL_OR_WAIT,73675.0,0.005526,0.0
2026-05-29 05:09:49,10609.89,BTC,SELL_OR_WAIT,73595.7,0.005526,0.0
2026-05-29 09:42:01,10609.89,BTC,SELL_OR_WAIT,73849.6,0.005526,0.0
2026-05-29 12:44:38,10609.89,BTC,SELL_OR_WAIT,73275.3,0.005526,0.0
2026-05-29 16:39:57,10609.89,BTC,SELL_OR_WAIT,73990.7,0.005526,0.0
2026-05-29 19:29:53,10609.89,BTC,SELL_OR_WAIT,73322.6,0.005526,0.0
2026-05-29 21:49:07,10609.89,BTC,SELL_OR_WAIT,73525.7,0.005526,0.0
2026-05-29 23:08:01,10609.89,BTC,SELL_OR_WAIT,73475.4,0.005526,0.0
2026-05-30 02:33:40,10609.89,BTC,SELL_OR_WAIT,73695.3,0.005526,0.0
2026-05-30 06:19:17,10609.89,BTC,SELL_OR_WAIT,73554.7,0.005526,0.0
2026-05-30 09:12:12,10609.89,BTC,SELL_OR_WAIT,73555.9,0.005526,0.0
2026-05-30 11:15:50,10609.89,BTC,SELL_OR_WAIT,73629.7,0.005526,0.0
2026-05-30 13:14:24,10609.89,BTC,SELL_OR_WAIT,73763.4,0.005526,0.0
2026-05-30 15:01:33,10609.89,BTC,SELL_OR_WAIT,73959.5,0.005526,0.0
2026-05-30 16:55:22,10609.89,BTC,SELL_OR_WAIT,73934.7,0.005526,0.0
2026-05-30 17:59:38,10609.89,BTC,SELL_OR_WAIT,74028.0,0.005526,0.0
2026-05-30 19:24:08,10609.89,BTC,SELL_OR_WAIT,74034.4,0.005526,0.0
2026-05-30 20:49:44,10609.89,BTC,SELL_OR_WAIT,73937.5,0.005526,0.0
2026-05-30 21:55:22,10609.89,BTC,SELL_OR_WAIT,73961.9,0.005526,0.0
2026-05-30 22:53:41,10609.89,BTC,SELL_OR_WAIT,73867.0,0.005526,0.0
2026-05-30 23:57:02,10609.89,BTC,SELL_OR_WAIT,73854.8,0.005526,0.0
2026-05-31 03:35:36,10609.89,BTC,SELL_OR_WAIT,74204.4,0.005526,0.0
2026-05-31 07:40:05,10609.89,BTC,SELL_OR_WAIT,73853.7,0.005526,0.0
2026-05-31 10:09:59,10609.89,BTC,SELL_OR_WAIT,73861.4,0.005526,0.0
2026-05-31 12:07:25,10609.89,BTC,SELL_OR_WAIT,73902.0,0.005526,0.0
2026-05-31 14:27:11,10609.89,BTC,SELL_OR_WAIT,73591.2,0.005526,0.0
2026-05-31 16:01:47,10609.89,BTC,SELL_OR_WAIT,73665.0,0.005526,0.0
2026-05-31 17:56:08,10609.89,BTC,SELL_OR_WAIT,73700.5,0.005526,0.0
2026-05-31 19:08:38,10609.89,BTC,SELL_OR_WAIT,73591.7,0.005526,0.0
2026-05-31 20:52:35,10609.89,BTC,SELL_OR_WAIT,73718.0,0.005526,0.0
2026-05-31 21:54:45,10609.89,BTC,SELL_OR_WAIT,73859.4,0.005526,0.0
2026-05-31 22:55:05,10609.89,BTC,SELL_OR_WAIT,73962.4,0.005526,0.0
2026-06-01 00:02:04,10609.89,BTC,SELL_OR_WAIT,73672.2,0.005526,0.0
2026-06-01 05:55:50,10609.89,BTC,SELL_OR_WAIT,73406.2,0.005526,0.0
2026-06-01 11:20:28,10609.89,BTC,SELL_OR_WAIT,72725.5,0.005526,0.0
2026-06-01 17:24:53,10609.89,BTC,SELL_OR_WAIT,71541.0,0.005526,0.0
2026-06-01 21:24:50,10609.89,BTC,SELL_OR_WAIT,71228.6,0.005526,0.0
2026-06-01 23:23:16,10609.89,BTC,SELL_OR_WAIT,71387.9,0.005526,0.0
2026-06-02 02:56:16,10609.89,BTC,SELL_OR_WAIT,70685.6,0.005526,0.0
2026-06-02 07:21:39,10609.89,BTC,SELL_OR_WAIT,70149.3,0.005526,0.0
2026-06-02 11:59:45,10609.89,BTC,SELL_OR_WAIT,69483.6,0.005526,0.0
2026-06-02 16:43:06,10397.69,BTC,BUY_DCA,67601.1,0.008665,212.2
2026-06-02 20:01:53,10189.74,BTC,BUY_DCA,67206.2,0.011759,207.95
2026-06-02 22:57:15,10189.74,BTC,SELL_OR_WAIT,66719.4,0.011759,0.0
2026-06-03 00:26:23,10189.74,BTC,SELL_OR_WAIT,66888.8,0.011759,0.0
2026-06-03 05:59:02,9170.77,BTC,BUY_TACTICAL,67395.9,0.026878,1018.97
2026-06-03 11:04:44,8987.35,BTC,BUY_DCA,67239.0,0.029606,183.42
2026-06-03 16:24:45,8987.35,BTC,SELL_OR_WAIT,65758.4,0.029606,0.0
2026-06-03 20:14:13,8088.61,BTC,BUY_TACTICAL,65558.8,0.043315,898.74
2026-06-03 23:00:17,7279.75,BTC,BUY_TACTICAL,64925.7,0.055773,808.86
2026-06-04 01:45:32,6551.77,BTC,BUY_TACTICAL,62829.1,0.06736,727.98
2026-06-04 06:37:59,5896.59,BTC,BUY_TACTICAL,64358.0,0.07754,655.18
2026-06-04 10:36:02,5306.93,BTC,BUY_TACTICAL,62718.9,0.086942,589.66
2026-06-04 13:55:15,5200.79,BTC,BUY_DCA,63836.9,0.088605,106.14
2026-06-04 16:49:15,4680.71,BTC,BUY_TACTICAL,63731.1,0.096766,520.08
2026-06-04 19:19:11,4587.1,BTC,BUY_DCA,63919.8,0.098231,93.61
2026-06-04 21:27:20,4128.39,BTC,BUY_TACTICAL,63613.8,0.105442,458.71
2026-06-04 23:04:47,3715.55,BTC,BUY_TACTICAL,63820.9,0.111911,412.84
2026-06-05 02:48:20,3641.24,BTC,BUY_DCA,62725.9,0.113096,74.31
2026-06-05 07:03:24,3277.12,BTC,BUY_TACTICAL,61638.4,0.119003,364.12
2026-06-05 11:21:24,3211.58,BTC,BUY_DCA,62488.5,0.120052,65.54
2026-06-05 14:34:09,2890.42,BTC,BUY_TACTICAL,60563.9,0.125355,321.16
2026-06-05 17:10:20,2601.38,BTC,BUY_TACTICAL,61298.9,0.13007,289.04
2026-06-05 19:46:00,2341.24,BTC,BUY_TACTICAL,59919.9,0.134411,260.14
2026-06-05 21:20:15,2294.42,BTC,BUY_DCA,61756.4,0.135169,46.82
2026-06-05 23:01:28,2248.53,BTC,BUY_DCA,61685.4,0.135913,45.89
2026-06-06 02:35:22,2203.56,BTC,BUY_DCA,60966.9,0.136651,44.97
2026-06-06 06:24:47,2203.56,BTC,SELL_OR_WAIT,61104.4,0.136651,0.0
2026-06-06 09:21:32,1983.2,BTC,BUY_TACTICAL,61186.1,0.140252,220.36
2026-06-06 11:19:59,1943.54,BTC,BUY_DCA,60696.6,0.140905,39.66
2026-06-06 13:17:57,1904.67,BTC,BUY_DCA,60926.8,0.141543,38.87
2026-06-06 15:09:08,1866.58,BTC,BUY_DCA,60663.9,0.142171,38.09
2026-06-06 17:04:21,1829.25,BTC,BUY_DCA,60734.0,0.142786,37.33
2026-06-06 19:11:01,1792.66,BTC,BUY_DCA,60768.9,0.143388,36.59
2026-06-06 20:57:51,1756.81,BTC,BUY_DCA,60694.1,0.143979,35.85
2026-06-06 22:02:41,1721.67,BTC,BUY_DCA,60814.9,0.144557,35.14
2026-06-06 23:58:59,1549.5,BTC,BUY_TACTICAL,60894.0,0.147384,172.17
2026-06-07 04:12:28,1394.55,BTC,BUY_TACTICAL,61555.2,0.149901,154.95
2026-06-07 08:20:07,1366.66,BTC,BUY_DCA,62360.2,0.150348,27.89
2026-06-07 11:04:02,1229.99,BTC,BUY_TACTICAL,62401.9,0.152538,136.67
2026-06-07 13:28:19,1106.99,BTC,BUY_TACTICAL,61839.0,0.154527,123.0
2026-06-07 15:19:51,996.29,BTC,BUY_TACTICAL,61800.4,0.156318,110.7
2026-06-07 17:08:50,896.66,BTC,BUY_TACTICAL,62278.6,0.157918,99.63
2026-06-07 19:11:58,806.99,BTC,BUY_TACTICAL,61733.4,0.15937,89.67
2026-06-07 21:04:48,726.29,BTC,BUY_TACTICAL,61711.9,0.160678,80.7
2026-06-07 22:58:45,653.66,BTC,BUY_TACTICAL,62917.2,0.161832,72.63
2026-06-08 00:11:05,588.29,BTC,BUY_TACTICAL,63163.4,0.162867,65.37
2026-06-08 05:25:50,529.46,BTC,BUY_TACTICAL,62602.0,0.163807,58.83
2026-06-08 10:24:35,476.51,BTC,BUY_TACTICAL,63216.6,0.164645,52.95
2026-06-08 14:44:32,428.86,BTC,BUY_TACTICAL,63918.9,0.16539,47.65
2026-06-08 17:47:23,385.97,BTC,BUY_TACTICAL,63453.5,0.166066,42.89
2026-06-08 20:05:59,347.37,BTC,BUY_TACTICAL,63408.7,0.166675,38.6
2026-06-08 22:21:41,312.63,BTC,BUY_TACTICAL,63346.5,0.167223,34.74
2026-06-09 00:00:10,306.38,BTC,BUY_DCA,63102.6,0.167322,6.25
2026-06-09 04:06:20,275.74,BTC,BUY_TACTICAL,62804.0,0.16781,30.64
2026-06-09 08:27:34,248.17,BTC,BUY_TACTICAL,62943.6,0.168248,27.57
2026-06-09 11:55:16,223.35,BTC,BUY_TACTICAL,62628.1,0.168644,24.82
2026-06-09 14:35:06,201.01,BTC,BUY_TACTICAL,61569.9,0.169007,22.34
2026-06-09 17:21:02,180.91,BTC,BUY_TACTICAL,61834.8,0.169332,20.1
2026-06-09 20:00:21,162.82,BTC,BUY_TACTICAL,62080.0,0.169623,18.09
2026-06-09 21:51:37,146.54,BTC,BUY_TACTICAL,61800.8,0.169886,16.28
2026-06-09 23:15:03,143.61,BTC,BUY_DCA,61741.3,0.169933,2.93
2026-06-10 02:48:11,140.74,BTC,BUY_DCA,61291.3,0.16998,2.87
2026-06-10 07:04:40,137.93,BTC,BUY_DCA,61552.2,0.170026,2.81
2026-06-10 11:34:16,124.14,BTC,BUY_TACTICAL,60998.6,0.170252,13.79
2026-06-10 15:19:30,111.73,BTC,BUY_TACTICAL,62018.5,0.170452,12.41
2026-06-10 18:26:46,100.56,BTC,BUY_TACTICAL,61906.6,0.170632,11.17
2026-06-10 21:23:57,90.5,BTC,BUY_TACTICAL,61609.0,0.170795,10.06
2026-06-10 23:21:19,88.69,BTC,BUY_DCA,61482.0,0.170824,1.81
2026-06-11 02:57:38,79.82,BTC,BUY_TACTICAL,62223.6,0.170967,8.87
2026-06-11 08:02:54,71.84,BTC,BUY_TACTICAL,62774.8,0.171094,7.98
2026-06-11 12:38:17,64.66,BTC,BUY_TACTICAL,62817.1,0.171208,7.18
2026-06-11 16:47:38,58.19,BTC,BUY_TACTICAL,62633.5,0.171311,6.47
2026-06-11 19:30:07,52.37,BTC,BUY_TACTICAL,63610.8,0.171402,5.82
2026-06-11 21:55:47,47.13,BTC,BUY_TACTICAL,63485.4,0.171484,5.24
2026-06-11 23:17:28,42.42,BTC,BUY_TACTICAL,63422.1,0.171558,4.71
2026-06-12 02:54:34,38.18,BTC,BUY_TACTICAL,63599.3,0.171625,4.24
2026-06-12 07:18:40,34.36,BTC,BUY_TACTICAL,63074.0,0.171686,3.82
2026-06-12 11:39:33,30.92,BTC,BUY_TACTICAL,63706.1,0.17174,3.44
2026-06-12 14:44:14,27.83,BTC,BUY_TACTICAL,63535.8,0.171789,3.09
2026-06-12 17:37:15,25.05,BTC,BUY_TACTICAL,63831.7,0.171833,2.78
2026-06-12 20:00:52,22.55,BTC,BUY_TACTICAL,63605.6,0.171872,2.51
2026-06-12 22:20:18,20.3,BTC,BUY_TACTICAL,63533.6,0.171907,2.26
2026-06-13 00:15:26,18.27,BTC,BUY_TACTICAL,63577.4,0.171939,2.03
2026-06-13 05:16:38,17.9,BTC,BUY_DCA,63570.2,0.171945,0.37
2026-06-13 08:50:02,16.11,BTC,BUY_TACTICAL,63868.4,0.171973,1.79
2026-06-13 11:10:17,14.5,BTC,BUY_TACTICAL,63937.0,0.171998,1.61
2026-06-13 13:46:24,13.05,BTC,BUY_TACTICAL,64112.2,0.172021,1.45
2026-06-13 15:28:27,11.75,BTC,BUY_TACTICAL,64289.7,0.172041,1.31
2026-06-13 17:16:41,10.57,BTC,BUY_TACTICAL,63962.5,0.172059,1.18
2026-06-13 19:15:41,9.51,BTC,BUY_TACTICAL,64192.6,0.172075,1.06
2026-06-13 21:07:25,8.56,BTC,BUY_TACTICAL,64294.8,0.17209,0.95
2026-06-13 22:58:26,7.7,BTC,BUY_TACTICAL,64477.2,0.172103,0.86
2026-06-14 00:08:20,6.93,BTC,BUY_TACTICAL,64445.4,0.172115,0.77
2026-06-14 05:26:41,6.24,BTC,BUY_TACTICAL,64332.2,0.172126,0.69
2026-06-14 09:23:36,5.62,BTC,BUY_TACTICAL,64361.1,0.172136,0.62
2026-06-14 11:51:18,5.06,BTC,BUY_TACTICAL,64627.0,0.172145,0.56
2026-06-14 13:48:34,4.55,BTC,BUY_TACTICAL,64330.7,0.172153,0.51
2026-06-14 15:45:30,4.09,BTC,BUY_TACTICAL,64010.4,0.17216,0.46
2026-06-14 17:14:16,3.68,BTC,BUY_TACTICAL,63975.6,0.172166,0.41
2026-06-14 19:15:57,3.31,BTC,BUY_TACTICAL,63800.7,0.172172,0.37
2026-06-14 21:03:44,2.98,BTC,BUY_TACTICAL,64015.6,0.172177,0.33
2026-06-14 23:02:25,2.68,BTC,BUY_TACTICAL,65362.9,0.172182,0.3
2026-06-15 03:32:23,2.41,BTC,BUY_TACTICAL,65727.0,0.172186,0.27
2026-06-15 09:55:20,2.17,BTC,BUY_TACTICAL,65568.7,0.17219,0.24
2026-06-15 15:41:11,1.95,BTC,BUY_TACTICAL,66871.2,0.172193,0.22
2026-06-15 19:40:39,1.91,BTC,BUY_DCA,66699.6,0.172194,0.04
2026-06-15 22:13:06,1.87,BTC,BUY_DCA,66442.9,0.172195,0.04
2026-06-16 00:26:09,1.83,BTC,BUY_DCA,66265.3,0.172196,0.04
2026-06-16 06:28:31,1.79,BTC,BUY_DCA,66296.4,0.172197,0.04
2026-06-16 12:07:37,1.75,BTC,BUY_DCA,66512.3,0.172198,0.04
2026-06-16 17:59:23,1.72,BTC,BUY_DCA,65958.0,0.172199,0.04
2026-06-16 20:56:03,1.69,BTC,BUY_DCA,65849.7,0.1722,0.03
2026-06-16 22:51:24,1.52,BTC,BUY_TACTICAL,65701.4,0.172203,0.17
2026-06-17 00:12:32,1.37,BTC,BUY_TACTICAL,65777.0,0.172205,0.15
2026-06-17 06:04:59,1.37,BTC,SELL_OR_WAIT,65836.7,0.172205,0.0
2026-06-17 11:42:41,1.23,BTC,BUY_TACTICAL,64796.2,0.172207,0.14
2026-06-17 14:59:35,1.11,BTC,BUY_TACTICAL,65109.5,0.172209,0.12
2026-06-17 17:50:28,1.09,BTC,BUY_DCA,65846.6,0.172209,0.02
2026-06-17 20:05:31,0.98,BTC,BUY_TACTICAL,64391.8,0.172211,0.11
2026-06-17 22:42:46,0.88,BTC,BUY_TACTICAL,64387.3,0.172213,0.1
2026-06-18 00:11:53,0.79,BTC,BUY_TACTICAL,64616.4,0.172214,0.09
2026-06-18 05:51:15,0.71,BTC,BUY_TACTICAL,63897.8,0.172215,0.08
2026-06-18 10:12:11,0.7,BTC,BUY_DCA,64041.0,0.172215,0.01
2026-06-18 13:59:55,0.69,BTC,BUY_DCA,63978.4,0.172215,0.01
2026-06-18 17:17:29,0.62,BTC,BUY_TACTICAL,62547.7,0.172216,0.07
2026-06-18 20:15:00,0.61,BTC,BUY_DCA,63182.6,0.172216,0.01
2026-06-18 22:53:39,0.55,BTC,BUY_TACTICAL,62866.9,0.172217,0.06
2026-06-19 00:21:19,0.5,BTC,BUY_TACTICAL,62903.8,0.172218,0.06
2026-06-19 06:11:18,0.49,BTC,BUY_DCA,62788.1,0.172218,0.01
2026-06-19 11:15:58,0.48,BTC,BUY_DCA,62502.1,0.172218,0.01
2026-06-19 14:49:54,0.43,BTC,BUY_TACTICAL,63304.7,0.172219,0.05
2026-06-19 17:13:19,0.39,BTC,BUY_TACTICAL,62983.4,0.17222,0.04
2026-06-19 19:40:20,0.35,BTC,BUY_TACTICAL,62981.1,0.172221,0.04
2026-06-19 21:03:42,0.32,BTC,BUY_TACTICAL,63165.0,0.172222,0.03
2026-06-19 22:49:28,0.29,BTC,BUY_TACTICAL,63352.5,0.172223,0.03
2026-06-20 00:03:32,0.28,BTC,BUY_DCA,63588.4,0.172223,0.01
2026-06-20 05:06:52,0.25,BTC,BUY_TACTICAL,63662.0,0.172223,0.03
2026-06-20 08:45:27,0.23,BTC,BUY_TACTICAL,63456.2,0.172223,0.03
2026-06-20 11:11:21,0.21,BTC,BUY_TACTICAL,63655.5,0.172223,0.02
2026-06-20 13:47:18,0.19,BTC,BUY_TACTICAL,63449.8,0.172223,0.02
2026-06-20 15:42:08,0.17,BTC,BUY_TACTICAL,64111.5,0.172223,0.02
2026-06-20 17:19:46,0.15,BTC,BUY_TACTICAL,63925.5,0.172223,0.02
2026-06-20 19:15:26,0.14,BTC,BUY_TACTICAL,63904.5,0.172223,0.01
2026-06-20 21:09:42,0.13,BTC,BUY_TACTICAL,63940.8,0.172223,0.01
2026-06-20 23:01:14,0.12,BTC,BUY_TACTICAL,64268.4,0.172223,0.01
2026-06-21 03:27:45,0.11,BTC,BUY_TACTICAL,64424.1,0.172223,0.01
2026-06-21 08:23:25,0.1,BTC,BUY_TACTICAL,64069.3,0.172223,0.01
2026-06-21 11:40:47,0.09,BTC,BUY_TACTICAL,64260.3,0.172223,0.01
2026-06-21 13:54:53,0.08,BTC,BUY_TACTICAL,64097.5,0.172223,0.01
2026-06-21 15:48:04,0.07,BTC,BUY_TACTICAL,64280.7,0.172223,0.01
2026-06-21 17:22:53,0.06,BTC,BUY_TACTICAL,64155.6,0.172223,0.01
2026-06-21 19:21:17,0.05,BTC,BUY_TACTICAL,64208.9,0.172223,0.01
2026-06-21 21:08:05,0.04,BTC,BUY_TACTICAL,63796.8,0.172223,0.01
2026-06-21 23:05:51,0.04,BTC,BUY_TACTICAL,63730.3,0.172223,0.0
2026-06-22 03:33:12,0.04,BTC,BUY_TACTICAL,64354.9,0.172223,0.0
2026-06-22 09:42:10,0.04,BTC,BUY_TACTICAL,64081.8,0.172223,0.0
2026-06-22 15:17:34,0.04,BTC,BUY_TACTICAL,64989.6,0.172223,0.0
2026-06-22 19:20:52,0.04,BTC,BUY_TACTICAL,64423.9,0.172223,0.0
2026-06-22 21:57:51,0.04,BTC,BUY_TACTICAL,64289.2,0.172223,0.0
2026-06-22 23:19:31,0.04,BTC,BUY_TACTICAL,63939.1,0.172223,0.0
2026-06-23 02:39:46,0.04,BTC,BUY_TACTICAL,64188.2,0.172223,0.0
2026-06-23 06:43:52,0.04,BTC,BUY_TACTICAL,62906.8,0.172223,0.0
2026-06-23 10:31:59,0.04,BTC,BUY_TACTICAL,62345.2,0.172223,0.0
2026-06-23 13:39:55,0.04,BTC,BUY_TACTICAL,62349.5,0.172223,0.0
2026-06-23 16:24:05,0.04,BTC,BUY_DCA,62613.1,0.172223,0.0
2026-06-23 19:06:38,0.04,BTC,SELL_OR_WAIT,62375.5,0.172223,0.0
2026-06-23 21:27:15,0.04,BTC,SELL_OR_WAIT,62562.4,0.172223,0.0
2026-06-23 23:03:16,0.04,BTC,BUY_DCA,62600.0,0.172223,0.0
2026-06-24 02:40:13,0.04,BTC,BUY_TACTICAL,62670.7,0.172223,0.0
2026-06-24 06:40:58,0.04,BTC,BUY_TACTICAL,62857.4,0.172223,0.0
2026-06-24 10:17:07,0.04,BTC,BUY_TACTICAL,62589.5,0.172223,0.0
2026-06-24 13:14:27,0.04,BTC,BUY_TACTICAL,62043.1,0.172223,0.0
2026-06-24 16:12:17,0.04,BTC,BUY_TACTICAL,60483.7,0.172223,0.0
2026-06-24 18:29:46,0.04,BTC,BUY_TACTICAL,59719.7,0.172223,0.0
2026-06-24 20:43:44,0.04,BTC,BUY_DCA,60885.1,0.172223,0.0
2026-06-24 22:11:44,0.04,BTC,BUY_DCA,61075.7,0.172223,0.0
2026-06-25 00:03:13,0.04,BTC,BUY_DCA,61072.7,0.172223,0.0
2026-06-25 04:59:28,0.04,BTC,BUY_TACTICAL,61361.9,0.172223,0.0
2026-06-25 08:25:16,0.04,BTC,BUY_DCA,61731.8,0.172223,0.0
2026-06-25 11:35:20,0.04,BTC,BUY_TACTICAL,61270.2,0.172223,0.0
2026-06-25 14:11:58,0.04,BTC,BUY_TACTICAL,59442.6,0.172223,0.0
2026-06-25 17:07:10,0.04,BTC,BUY_TACTICAL,59153.7,0.172223,0.0
2026-06-25 19:49:56,0.04,BTC,BUY_TACTICAL,59257.6,0.172223,0.0
2026-06-25 21:26:21,0.04,BTC,BUY_TACTICAL,59643.2,0.172223,0.0
2026-06-25 23:11:43,0.04,BTC,BUY_DCA,59853.9,0.172223,0.0
2026-06-26 02:44:44,0.04,BTC,BUY_DCA,58800.1,0.172223,0.0
2026-06-26 06:49:17,0.04,BTC,BUY_TACTICAL,60341.0,0.172223,0.0
2026-06-26 10:18:25,0.04,BTC,BUY_TACTICAL,59789.0,0.172223,0.0
2026-06-26 13:06:13,0.04,BTC,BUY_DCA,59145.3,0.172223,0.0
2026-06-26 16:10:29,0.04,BTC,BUY_TACTICAL,60246.2,0.172223,0.0
2026-06-26 18:26:05,0.04,BTC,BUY_DCA,60013.1,0.172223,0.0
2026-06-26 20:29:36,0.04,BTC,BUY_DCA,59773.0,0.172223,0.0
2026-06-26 22:06:42,0.04,BTC,BUY_DCA,59815.6,0.172223,0.0
2026-06-26 23:59:15,0.04,BTC,BUY_DCA,60112.8,0.172223,0.0
2026-06-27 03:44:52,0.04,BTC,BUY_TACTICAL,60310.2,0.172223,0.0
2026-06-27 06:48:45,0.04,BTC,BUY_TACTICAL,60458.9,0.172223,0.0
2026-06-27 09:25:43,0.04,BTC,BUY_TACTICAL,60342.8,0.172223,0.0
2026-06-27 11:23:44,0.04,BTC,BUY_TACTICAL,60346.8,0.172223,0.0
2026-06-27 13:19:50,0.04,BTC,BUY_TACTICAL,60426.7,0.172223,0.0
2026-06-27 15:11:28,0.04,BTC,BUY_DCA,60851.4,0.172223,0.0
2026-06-27 17:03:12,0.04,BTC,BUY_TACTICAL,60614.2,0.172223,0.0
2026-06-27 19:10:20,0.04,BTC,BUY_DCA,60584.1,0.172223,0.0
2026-06-27 20:54:23,0.04,BTC,BUY_TACTICAL,60284.7,0.172223,0.0
2026-06-27 21:58:11,0.04,BTC,BUY_TACTICAL,60199.1,0.172223,0.0
2026-06-27 23:03:13,0.04,BTC,BUY_DCA,60263.9,0.172223,0.0
2026-06-28 02:50:11,0.04,BTC,BUY_TACTICAL,60134.7,0.172223,0.0
2026-06-28 06:58:21,0.04,BTC,BUY_DCA,60003.5,0.172223,0.0
2026-06-28 09:57:29,0.04,BTC,BUY_TACTICAL,60259.8,0.172223,0.0
2026-06-28 11:46:33,0.04,BTC,BUY_TACTICAL,60272.3,0.172223,0.0
2026-06-28 13:23:31,0.04,BTC,BUY_TACTICAL,60149.9,0.172223,0.0
2026-06-28 15:14:17,0.04,BTC,BUY_DCA,60039.0,0.172223,0.0
2026-06-28 17:02:43,0.04,BTC,BUY_TACTICAL,59683.7,0.172223,0.0
2026-06-28 19:08:51,0.04,BTC,BUY_TACTICAL,59527.9,0.172223,0.0
2026-06-28 20:55:16,0.04,BTC,BUY_DCA,59657.6,0.172223,0.0
2026-06-28 21:58:05,0.04,BTC,BUY_TACTICAL,59390.4,0.172223,0.0
2026-06-28 23:02:13,0.04,BTC,BUY_DCA,59277.6,0.172223,0.0
2026-06-29 02:50:40,0.04,BTC,BUY_DCA,59732.8,0.172223,0.0
2026-06-29 07:24:53,0.04,BTC,BUY_TACTICAL,60041.5,0.172223,0.0
2026-06-29 12:25:54,0.04,BTC,BUY_TACTICAL,60446.8,0.172223,0.0
2026-06-29 16:35:20,0.04,BTC,BUY_DCA,59696.6,0.172223,0.0
2026-06-29 19:00:42,0.04,BTC,BUY_TACTICAL,60253.8,0.172223,0.0
2026-06-29 21:19:56,0.04,BTC,BUY_TACTICAL,60320.1,0.172223,0.0
2026-06-29 22:50:16,0.04,BTC,BUY_TACTICAL,60413.1,0.172223,0.0
2026-06-29 23:57:44,0.04,BTC,BUY_TACTICAL,60233.3,0.172223,0.0
2026-06-30 03:36:02,0.04,BTC,BUY_TACTICAL,59770.6,0.172223,0.0
2026-06-30 07:45:24,0.04,BTC,BUY_TACTICAL,59510.9,0.172223,0.0
2026-06-30 10:51:26,0.04,BTC,BUY_TACTICAL,59306.1,0.172223,0.0
2026-06-30 13:06:30,0.04,BTC,BUY_TACTICAL,58533.7,0.172223,0.0
2026-06-30 16:19:17,0.04,BTC,BUY_TACTICAL,58401.4,0.172223,0.0
2026-06-30 18:52:13,0.04,BTC,BUY_TACTICAL,58634.4,0.172223,0.0
2026-06-30 20:54:20,0.04,BTC,BUY_TACTICAL,58713.7,0.172223,0.0
2026-06-30 22:11:57,0.04,BTC,BUY_DCA,58676.6,0.172223,0.0
2026-07-01 00:01:43,0.04,BTC,BUY_DCA,58684.6,0.172223,0.0
2026-07-01 05:17:29,0.04,BTC,BUY_DCA,59340.1,0.172223,0.0
2026-07-01 09:35:01,0.04,BTC,BUY_TACTICAL,58922.2,0.172223,0.0
2026-07-01 12:29:37,0.04,BTC,BUY_TACTICAL,58565.7,0.172223,0.0
2026-07-01 15:36:52,0.04,BTC,BUY_TACTICAL,60261.8,0.172223,0.0
2026-07-01 17:49:12,0.04,BTC,BUY_TACTICAL,60191.4,0.172223,0.0
2026-07-01 19:44:23,0.04,BTC,BUY_TACTICAL,60207.6,0.172223,0.0
2026-07-01 21:21:58,0.04,BTC,BUY_TACTICAL,60506.9,0.172223,0.0
2026-07-01 23:07:22,0.04,BTC,BUY_TACTICAL,60316.7,0.172223,0.0
2026-07-02 02:40:35,0.04,BTC,BUY_TACTICAL,60370.0,0.172223,0.0
2026-07-02 06:35:20,0.04,BTC,BUY_TACTICAL,60618.9,0.172223,0.0
2026-07-02 09:56:10,0.04,BTC,BUY_TACTICAL,61417.6,0.172223,0.0
2026-07-02 12:06:02,0.04,BTC,BUY_TACTICAL,61323.6,0.172223,0.0
2026-07-02 15:09:29,0.04,BTC,BUY_DCA,61510.1,0.172223,0.0
2026-07-02 17:39:48,0.04,BTC,BUY_DCA,61697.8,0.172223,0.0
2026-07-02 19:15:20,0.04,BTC,BUY_TACTICAL,61658.1,0.172223,0.0
2026-07-02 20:58:15,0.04,BTC,BUY_TACTICAL,61577.7,0.172223,0.0
2026-07-02 22:06:43,0.04,BTC,BUY_TACTICAL,61524.3,0.172223,0.0
2026-07-02 23:59:26,0.04,BTC,BUY_TACTICAL,61558.7,0.172223,0.0
2026-07-03 03:38:28,0.04,BTC,BUY_TACTICAL,61512.7,0.172223,0.0
2026-07-03 06:56:45,0.04,BTC,BUY_TACTICAL,61743.0,0.172223,0.0
2026-07-03 09:54:22,0.04,BTC,BUY_TACTICAL,61718.5,0.172223,0.0
2026-07-03 12:04:56,0.04,BTC,BUY_TACTICAL,62143.2,0.172223,0.0
2026-07-03 15:05:02,0.04,BTC,BUY_TACTICAL,62188.3,0.172223,0.0
2026-07-03 17:17:53,0.04,BTC,BUY_TACTICAL,62199.8,0.172223,0.0
2026-07-03 19:08:59,0.04,BTC,BUY_TACTICAL,62164.8,0.172223,0.0
2026-07-03 20:57:20,0.04,BTC,BUY_TACTICAL,62742.8,0.172223,0.0
2026-07-03 22:02:59,0.04,BTC,SELL_OR_WAIT,62728.5,0.172223,0.0
2026-07-03 23:59:12,0.04,BTC,BUY_DCA,62615.8,0.172223,0.0
2026-07-04 03:27:47,0.04,BTC,BUY_DCA,62564.9,0.172223,0.0
2026-07-04 06:42:05,0.04,BTC,BUY_TACTICAL,62487.4,0.172223,0.0
2026-07-04 09:17:21,0.04,BTC,BUY_TACTICAL,62485.7,0.172223,0.0
2026-07-04 11:21:23,0.04,BTC,BUY_DCA,62506.1,0.172223,0.0
2026-07-04 13:09:09,0.04,BTC,BUY_TACTICAL,62598.3,0.172223,0.0
2026-07-04 15:00:31,0.04,BTC,BUY_TACTICAL,62695.6,0.172223,0.0
2026-07-04 16:09:26,0.04,BTC,BUY_TACTICAL,62907.5,0.172223,0.0
2026-07-04 17:59:13,0.04,BTC,BUY_TACTICAL,63319.8,0.172223,0.0
2026-07-04 19:19:08,0.04,BTC,BUY_DCA,63240.0,0.172223,0.0
2026-07-04 20:48:38,0.04,BTC,BUY_DCA,63318.3,0.172223,0.0
2026-07-04 21:52:26,0.04,BTC,BUY_TACTICAL,63301.1,0.172223,0.0
2026-07-04 22:52:14,0.04,BTC,BUY_TACTICAL,63198.0,0.172223,0.0
2026-07-04 23:56:12,0.04,BTC,BUY_TACTICAL,63170.7,0.172223,0.0
2026-07-05 02:37:51,0.04,BTC,BUY_TACTICAL,62781.5,0.172223,0.0
2026-07-05 06:34:59,0.04,BTC,BUY_TACTICAL,62819.8,0.172223,0.0
2026-07-05 09:37:42,0.04,BTC,BUY_TACTICAL,62722.3,0.172223,0.0
2026-07-05 11:26:05,0.04,BTC,BUY_TACTICAL,62622.5,0.172223,0.0
2026-07-05 13:17:54,0.04,BTC,BUY_TACTICAL,62723.9,0.172223,0.0
2026-07-05 15:08:27,0.04,BTC,BUY_DCA,62891.7,0.172223,0.0
2026-07-05 17:01:28,0.04,BTC,BUY_DCA,62662.9,0.172223,0.0
2026-07-05 19:06:31,0.04,BTC,BUY_DCA,62788.5,0.172223,0.0
2026-07-05 20:51:43,0.04,BTC,BUY_DCA,62762.4,0.172223,0.0
2026-07-05 21:56:09,0.04,BTC,BUY_TACTICAL,63168.2,0.172223,0.0
2026-07-05 22:57:31,0.04,BTC,BUY_TACTICAL,63580.4,0.172223,0.0
2026-07-06 00:03:58,0.04,BTC,BUY_TACTICAL,63639.1,0.172223,0.0
2026-07-06 05:05:16,0.04,BTC,BUY_TACTICAL,63209.1,0.172223,0.0
2026-07-06 10:03:48,0.04,BTC,BUY_TACTICAL,62766.9,0.172223,0.0
2026-07-06 14:22:20,0.04,BTC,BUY_TACTICAL,61745.7,0.172223,0.0
2026-07-06 17:37:47,0.04,BTC,BUY_TACTICAL,63730.4,0.172223,0.0
2026-07-06 19:47:04,0.04,BTC,BUY_TACTICAL,63831.5,0.172223,0.0
2026-07-06 21:23:59,0.04,BTC,BUY_TACTICAL,64321.9,0.172223,0.0
2026-07-06 23:01:05,0.04,BTC,BUY_TACTICAL,64219.3,0.172223,0.0
2026-07-07 02:29:59,0.04,BTC,BUY_TACTICAL,63566.0,0.172223,0.0
2026-07-07 06:39:45,0.04,BTC,BUY_DCA,63263.1,0.172223,0.0
2026-07-07 10:20:44,0.04,BTC,BUY_DCA,63410.9,0.172223,0.0
2026-07-07 13:13:57,0.04,BTC,BUY_TACTICAL,63337.7,0.172223,0.0
2026-07-07 16:23:07,0.04,BTC,BUY_TACTICAL,64027.3,0.172223,0.0
2026-07-07 18:57:07,0.04,BTC,BUY_TACTICAL,63756.4,0.172223,0.0
2026-07-07 20:48:07,0.04,BTC,BUY_TACTICAL,63644.9,0.172223,0.0
2026-07-07 22:07:04,0.04,BTC,BUY_TACTICAL,63337.9,0.172223,0.0
2026-07-07 23:53:10,0.04,BTC,BUY_TACTICAL,63405.0,0.172223,0.0
2026-07-08 02:04:14,0.04,BTC,BUY_TACTICAL,62901.5,0.172223,0.0
2026-07-08 05:44:23,0.04,BTC,BUY_TACTICAL,62630.8,0.172223,0.0
2026-07-08 08:14:34,0.04,BTC,BUY_TACTICAL,62817.5,0.172223,0.0
2026-07-08 10:58:11,0.04,BTC,BUY_TACTICAL,62153.7,0.172223,0.0
2026-07-08 12:21:25,0.04,BTC,BUY_TACTICAL,62333.7,0.172223,0.0
2026-07-08 15:13:46,0.04,BTC,BUY_TACTICAL,61721.0,0.172223,0.0
2026-07-08 17:23:19,0.04,BTC,BUY_DCA,62248.5,0.172223,0.0
2026-07-08 19:14:33,0.04,BTC,BUY_DCA,62093.4,0.172223,0.0
2026-07-08 21:00:12,0.04,BTC,BUY_DCA,62106.4,0.172223,0.0
2026-07-08 22:12:34,0.04,BTC,BUY_DCA,62256.4,0.172223,0.0
2026-07-09 00:04:04,0.04,BTC,BUY_TACTICAL,62208.7,0.172223,0.0
2026-07-09 04:45:03,0.04,BTC,BUY_TACTICAL,62300.5,0.172223,0.0
2026-07-09 08:27:14,0.04,BTC,BUY_DCA,63016.7,0.172223,0.0
2026-07-09 11:50:44,0.04,BTC,BUY_TACTICAL,62661.7,0.172223,0.0
2026-07-09 14:42:03,0.04,BTC,BUY_TACTICAL,62935.1,0.172223,0.0
2026-07-09 17:16:04,0.04,BTC,BUY_DCA,62717.8,0.172223,0.0
2026-07-09 19:27:55,0.04,BTC,BUY_TACTICAL,63251.6,0.172223,0.0
2026-07-09 21:17:03,0.04,BTC,BUY_TACTICAL,63306.3,0.172223,0.0
2026-07-09 23:05:42,0.04,BTC,BUY_TACTICAL,63236.0,0.172223,0.0
2026-07-10 02:23:39,0.04,BTC,BUY_TACTICAL,63839.6,0.172223,0.0
2026-07-10 06:38:06,0.04,BTC,BUY_TACTICAL,63915.7,0.172223,0.0
2026-07-10 10:18:07,0.04,BTC,BUY_TACTICAL,64308.9,0.172223,0.0
2026-07-10 13:07:29,0.04,BTC,BUY_TACTICAL,64308.0,0.172223,0.0
2026-07-10 16:20:33,0.04,BTC,BUY_TACTICAL,64064.6,0.172223,0.0
2026-07-10 18:19:18,0.04,BTC,BUY_TACTICAL,63867.0,0.172223,0.0
2026-07-10 20:17:21,0.04,BTC,BUY_TACTICAL,63872.2,0.172223,0.0
2026-07-10 21:55:33,0.04,BTC,BUY_TACTICAL,63999.0,0.172223,0.0
2026-07-10 22:55:24,0.04,BTC,BUY_TACTICAL,64156.8,0.172223,0.0
2026-07-10 23:54:11,0.04,BTC,BUY_TACTICAL,64131.1,0.172223,0.0
2026-07-11 02:02:28,0.04,BTC,BUY_DCA,63990.8,0.172223,0.0
2026-07-11 05:34:10,0.04,BTC,BUY_TACTICAL,64204.0,0.172223,0.0
2026-07-11 07:44:56,0.04,BTC,BUY_TACTICAL,64179.6,0.172223,0.0
2026-07-11 09:21:20,0.04,BTC,BUY_TACTICAL,64244.6,0.172223,0.0
2026-07-11 10:58:08,0.04,BTC,BUY_TACTICAL,64187.0,0.172223,0.0
2026-07-11 11:52:05,0.04,BTC,BUY_TACTICAL,64192.3,0.172223,0.0
2026-07-11 13:03:59,0.04,BTC,BUY_TACTICAL,64193.5,0.172223,0.0
2026-07-11 14:46:48,0.04,BTC,BUY_TACTICAL,64396.6,0.172223,0.0
2026-07-11 15:48:29,0.04,BTC,BUY_TACTICAL,64014.8,0.172223,0.0
2026-07-11 16:48:16,0.04,BTC,BUY_TACTICAL,64119.7,0.172223,0.0
2026-07-11 17:49:29,0.04,BTC,BUY_TACTICAL,64337.2,0.172223,0.0
2026-07-11 18:51:56,0.04,BTC,BUY_TACTICAL,64309.4,0.172223,0.0
2026-07-11 20:02:01,0.04,BTC,BUY_TACTICAL,64294.9,0.172223,0.0
2026-07-11 21:42:53,0.04,BTC,BUY_TACTICAL,64364.0,0.172223,0.0
2026-07-11 22:40:42,0.04,BTC,BUY_TACTICAL,64227.3,0.172223,0.0
2026-07-11 23:48:09,0.04,BTC,BUY_TACTICAL,63982.5,0.172223,0.0
2026-07-12 02:05:35,0.04,BTC,BUY_TACTICAL,64074.6,0.172223,0.0
2026-07-12 05:50:17,0.04,BTC,BUY_DCA,63981.6,0.172223,0.0
2026-07-12 08:06:29,0.04,BTC,BUY_TACTICAL,63936.1,0.172223,0.0
2026-07-12 10:22:39,0.04,BTC,BUY_TACTICAL,63929.7,0.172223,0.0
2026-07-12 11:53:45,0.04,BTC,BUY_DCA,63993.5,0.172223,0.0
2026-07-12 13:04:36,0.04,BTC,BUY_DCA,64031.7,0.172223,0.0
2026-07-12 14:50:07,0.04,BTC,BUY_TACTICAL,64183.9,0.172223,0.0
2026-07-12 15:53:50,0.04,BTC,BUY_TACTICAL,64185.1,0.172223,0.0
2026-07-12 16:52:26,0.04,BTC,BUY_TACTICAL,64113.0,0.172223,0.0
2026-07-12 17:54:53,0.04,BTC,BUY_TACTICAL,64047.0,0.172223,0.0
2026-07-12 18:56:33,0.04,BTC,BUY_TACTICAL,64130.4,0.172223,0.0
2026-07-12 20:04:34,0.04,BTC,BUY_TACTICAL,64203.9,0.172223,0.0
2026-07-12 21:42:11,0.04,BTC,BUY_TACTICAL,64053.1,0.172223,0.0
2026-07-12 22:40:41,0.04,BTC,BUY_TACTICAL,63787.3,0.172223,0.0
2026-07-12 23:46:07,0.04,BTC,BUY_TACTICAL,63784.9,0.172223,0.0
2026-07-13 02:07:20,0.04,BTC,BUY_TACTICAL,63331.2,0.172223,0.0
2026-07-13 06:08:36,0.04,BTC,BUY_TACTICAL,62819.3,0.172223,0.0
2026-07-13 10:18:43,0.04,BTC,BUY_DCA,63088.8,0.172223,0.0
2026-07-13 13:14:34,0.04,BTC,BUY_TACTICAL,62523.2,0.172223,0.0
2026-07-13 16:24:37,0.04,BTC,BUY_TACTICAL,62310.1,0.172223,0.0
2026-07-13 18:28:23,0.04,BTC,BUY_DCA,61980.9,0.172223,0.0
2026-07-13 20:08:18,0.04,BTC,BUY_DCA,62260.6,0.172223,0.0
2026-07-13 21:50:20,0.04,BTC,BUY_TACTICAL,62008.5,0.172223,0.0
2026-07-13 22:50:26,0.04,BTC,BUY_DCA,62034.6,0.172223,0.0
2026-07-13 23:47:54,0.04,BTC,SELL_OR_WAIT,62197.4,0.172223,0.0
2026-07-14 01:53:06,0.04,BTC,BUY_DCA,62527.9,0.172223,0.0
2026-07-14 04:46:08,0.04,BTC,BUY_DCA,62710.3,0.172223,0.0
2026-07-14 07:07:07,0.04,BTC,BUY_TACTICAL,62607.0,0.172223,0.0
2026-07-14 09:51:04,0.04,BTC,BUY_TACTICAL,62582.7,0.172223,0.0
2026-07-14 11:20:56,0.04,BTC,BUY_DCA,62820.7,0.172223,0.0
2026-07-14 13:18:26,0.04,BTC,BUY_DCA,63896.5,0.172223,0.0
2026-07-14 15:19:35,0.04,BTC,SELL_OR_WAIT,64275.3,0.172223,0.0
2026-07-14 17:07:04,0.04,BTC,BUY_DCA,64631.6,0.172223,0.0
2026-07-14 19:09:00,0.04,BTC,SELL_OR_WAIT,64582.9,0.172223,0.0
2026-07-14 20:53:53,0.04,BTC,BUY_DCA,64462.1,0.172223,0.0
2026-07-14 21:52:23,0.04,BTC,BUY_DCA,64660.4,0.172223,0.0
2026-07-14 22:52:04,0.04,BTC,BUY_DCA,64894.9,0.172223,0.0
2026-07-14 23:45:52,0.04,BTC,SELL_OR_WAIT,64995.5,0.172223,0.0
2026-07-15 01:49:29,0.04,BTC,BUY_TACTICAL,64659.3,0.172223,0.0
2026-07-15 04:46:01,0.04,BTC,BUY_TACTICAL,64814.5,0.172223,0.0
2026-07-15 07:10:06,0.04,BTC,BUY_TACTICAL,64806.1,0.172223,0.0
2026-07-15 09:55:19,0.04,BTC,BUY_TACTICAL,64674.7,0.172223,0.0
2026-07-15 11:25:02,0.04,BTC,BUY_TACTICAL,64609.1,0.172223,0.0
2026-07-15 13:22:05,0.04,BTC,BUY_TACTICAL,65543.5,0.172223,0.0
2026-07-15 15:21:46,0.04,BTC,BUY_TACTICAL,65374.6,0.172223,0.0
2026-07-15 17:10:13,0.04,BTC,BUY_TACTICAL,65115.7,0.172223,0.0
2026-07-15 19:01:06,0.04,BTC,BUY_TACTICAL,64865.3,0.172223,0.0
2026-07-15 20:52:35,0.04,BTC,BUY_TACTICAL,64980.4,0.172223,0.0
2026-07-15 21:52:38,0.04,BTC,BUY_TACTICAL,64813.0,0.172223,0.0
2026-07-15 22:53:11,0.04,BTC,BUY_TACTICAL,64905.8,0.172223,0.0
2026-07-15 23:53:51,0.04,BTC,BUY_TACTICAL,64789.1,0.172223,0.0
2026-07-16 02:00:02,0.04,BTC,BUY_TACTICAL,64731.9,0.172223,0.0
2026-07-16 05:15:31,0.04,BTC,BUY_TACTICAL,64831.2,0.172223,0.0
2026-07-16 08:01:24,0.04,BTC,BUY_TACTICAL,64240.4,0.172223,0.0
2026-07-16 10:52:02,0.04,BTC,BUY_TACTICAL,64188.9,0.172223,0.0
2026-07-16 12:16:10,0.04,BTC,BUY_TACTICAL,64131.4,0.172223,0.0
2026-07-16 14:54:35,0.04,BTC,BUY_DCA,64554.6,0.172223,0.0
2026-07-16 16:12:46,0.04,BTC,BUY_TACTICAL,64513.1,0.172223,0.0
2026-07-16 18:00:27,0.04,BTC,BUY_DCA,64084.7,0.172223,0.0
2026-07-16 19:21:49,0.04,BTC,BUY_DCA,64243.8,0.172223,0.0
2026-07-16 20:51:13,0.04,BTC,BUY_TACTICAL,64143.5,0.172223,0.0
2026-07-16 21:59:09,0.04,BTC,BUY_DCA,64144.2,0.172223,0.0
2026-07-16 22:59:20,0.04,BTC,BUY_TACTICAL,63958.2,0.172223,0.0
2026-07-17 00:01:40,0.04,BTC,BUY_DCA,63831.9,0.172223,0.0
2026-07-17 03:56:26,0.04,BTC,BUY_TACTICAL,63585.5,0.172223,0.0
2026-07-17 06:11:54,0.04,BTC,BUY_TACTICAL,62844.6,0.172223,0.0
2026-07-17 09:05:06,0.04,BTC,BUY_TACTICAL,62891.0,0.172223,0.0
2026-07-17 11:17:52,0.04,BTC,BUY_DCA,63064.4,0.172223,0.0
2026-07-17 13:13:50,0.04,BTC,BUY_DCA,62819.6,0.172223,0.0
2026-07-17 15:08:50,0.04,BTC,BUY_DCA,63023.0,0.172223,0.0
2026-07-17 17:05:47,0.04,BTC,BUY_TACTICAL,63677.4,0.172223,0.0
2026-07-17 18:58:27,0.04,BTC,BUY_TACTICAL,64234.2,0.172223,0.0
2026-07-17 20:05:49,0.04,BTC,BUY_TACTICAL,64050.4,0.172223,0.0
2026-07-17 21:44:30,0.04,BTC,SELL_OR_WAIT,64094.8,0.172223,0.0
2026-07-17 22:42:21,0.04,BTC,BUY_TACTICAL,63946.5,0.172223,0.0
2026-07-17 23:45:58,0.04,BTC,BUY_TACTICAL,63979.0,0.172223,0.0
2026-07-18 01:52:32,0.04,BTC,BUY_TACTICAL,63962.6,0.172223,0.0
2026-07-18 04:43:49,0.04,BTC,BUY_TACTICAL,63956.4,0.172223,0.0
2026-07-18 06:56:28,0.04,BTC,BUY_TACTICAL,63982.0,0.172223,0.0
2026-07-18 08:46:25,0.04,BTC,BUY_TACTICAL,63994.6,0.172223,0.0
2026-07-18 10:13:44,0.04,BTC,BUY_TACTICAL,63984.8,0.172223,0.0
2026-07-18 11:48:48,0.04,BTC,BUY_DCA,64017.4,0.172223,0.0
2026-07-18 12:59:39,0.04,BTC,BUY_TACTICAL,64216.8,0.172223,0.0
2026-07-18 14:21:33,0.04,BTC,BUY_TACTICAL,64147.9,0.172223,0.0
2026-07-18 15:49:35,0.04,BTC,BUY_TACTICAL,64126.8,0.172223,0.0
2026-07-18 16:49:40,0.04,BTC,BUY_TACTICAL,64163.4,0.172223,0.0
2026-07-18 17:51:52,0.04,BTC,BUY_TACTICAL,64431.5,0.172223,0.0
2026-07-18 18:53:51,0.04,BTC,BUY_DCA,64504.0,0.172223,0.0
2026-07-18 20:02:06,0.04,BTC,BUY_DCA,64549.2,0.172223,0.0
2026-07-18 21:43:40,0.04,BTC,BUY_DCA,64683.3,0.172223,0.0
2026-07-18 22:41:49,0.04,BTC,BUY_DCA,64783.9,0.172223,0.0
2026-07-18 23:46:27,0.04,BTC,BUY_DCA,64819.4,0.172223,0.0
2026-07-19 02:03:37,0.04,BTC,BUY_DCA,64797.7,0.172223,0.0
2026-07-19 05:45:02,0.04,BTC,BUY_TACTICAL,64698.8,0.172223,0.0
2026-07-19 08:05:42,0.04,BTC,BUY_TACTICAL,64692.8,0.172223,0.0
2026-07-19 10:21:36,0.04,BTC,BUY_TACTICAL,64589.7,0.172223,0.0
2026-07-19 11:51:18,0.04,BTC,BUY_TACTICAL,64477.5,0.172223,0.0
2026-07-19 13:01:58,0.04,BTC,BUY_TACTICAL,64408.4,0.172223,0.0
2026-07-19 14:49:06,0.04,BTC,BUY_TACTICAL,64594.8,0.172223,0.0
2026-07-19 15:51:34,0.04,BTC,BUY_TACTICAL,64549.5,0.172223,0.0
2026-07-19 16:50:58,0.04,BTC,BUY_TACTICAL,64584.5,0.172223,0.0
2026-07-19 17:53:17,0.04,BTC,BUY_DCA,64596.8,0.172223,0.0
2026-07-19 18:58:05,0.04,BTC,BUY_TACTICAL,64376.9,0.172223,0.0
2026-07-19 20:05:39,0.04,BTC,BUY_TACTICAL,64493.6,0.172223,0.0
2026-07-19 21:44:18,0.04,BTC,BUY_TACTICAL,64361.1,0.172223,0.0
2026-07-19 22:44:26,0.04,BTC,BUY_TACTICAL,64810.7,0.172223,0.0
2026-07-19 23:51:49,0.04,BTC,BUY_TACTICAL,64706.9,0.172223,0.0
2026-07-20 02:24:21,0.04,BTC,BUY_TACTICAL,64656.8,0.172223,0.0
2026-07-20 06:10:25,0.04,BTC,BUY_DCA,64131.0,0.172223,0.0
2026-07-20 09:53:10,0.04,BTC,BUY_DCA,64260.9,0.172223,0.0
2026-07-20 12:11:45,0.04,BTC,BUY_TACTICAL,64782.5,0.172223,0.0
2026-07-20 15:05:25,0.04,BTC,BUY_DCA,64589.0,0.172223,0.0
2026-07-20 17:32:00,0.04,BTC,BUY_TACTICAL,65462.1,0.172223,0.0
2026-07-20 19:31:40,0.04,BTC,BUY_TACTICAL,65092.7,0.172223,0.0
2026-07-20 21:04:57,0.04,BTC,BUY_TACTICAL,65347.6,0.172223,0.0
2026-07-20 22:52:55,0.04,BTC,BUY_TACTICAL,65135.7,0.172223,0.0
2026-07-20 23:51:56,0.04,BTC,BUY_TACTICAL,65184.9,0.172223,0.0
2026-07-21 02:02:37,0.04,BTC,BUY_TACTICAL,65277.4,0.172223,0.0
2026-07-21 05:43:29,0.04,BTC,BUY_TACTICAL,65678.0,0.172223,0.0
2026-07-21 08:13:59,0.04,BTC,BUY_DCA,66222.6,0.172223,0.0
2026-07-21 11:01:01,0.04,BTC,BUY_DCA,66181.1,0.172223,0.0
2026-07-21 13:23:30,0.04,BTC,BUY_TACTICAL,66506.0,0.172223,0.0
2026-07-21 15:38:24,0.04,BTC,SELL_OR_WAIT,66628.9,0.172223,0.0
2026-07-21 17:09:26,0.04,BTC,BUY_DCA,66505.3,0.172223,0.0
2026-07-21 19:09:03,0.04,BTC,BUY_DCA,66344.2,0.172223,0.0
2026-07-21 21:00:20,0.04,BTC,BUY_DCA,66352.0,0.172223,0.0
2026-07-21 22:07:51,0.04,BTC,BUY_DCA,66307.9,0.172223,0.0
2026-07-21 23:51:31,0.04,BTC,BUY_DCA,66480.6,0.172223,0.0
2026-07-22 02:00:55,0.04,BTC,SELL_OR_WAIT,66416.9,0.172223,0.0
2026-07-22 05:42:29,0.04,BTC,BUY_TACTICAL,65996.2,0.172223,0.0
2026-07-22 08:14:30,0.04,BTC,SELL_OR_WAIT,66031.5,0.172223,0.0
2026-07-22 11:02:24,0.04,BTC,BUY_DCA,66026.9,0.172223,0.0
2026-07-22 13:28:01,0.04,BTC,BUY_TACTICAL,65590.9,0.172223,0.0
2026-07-22 15:27:07,0.04,BTC,SELL_OR_WAIT,66116.0,0.172223,0.0
2026-07-22 17:10:09,0.04,BTC,SELL_OR_WAIT,66206.3,0.172223,0.0
2026-07-22 19:03:18,0.04,BTC,SELL_OR_WAIT,65855.2,0.172223,0.0
2026-07-22 20:58:45,0.04,BTC,SELL_OR_WAIT,65910.0,0.172223,0.0
2026-07-22 22:04:39,0.04,BTC,BUY_DCA,66001.8,0.172223,0.0
2026-07-22 23:57:19,0.04,BTC,BUY_DCA,66118.3,0.172223,0.0
2026-07-23 02:31:42,0.04,BTC,BUY_DCA,65733.8,0.172223,0.0
2026-07-23 05:47:41,0.04,BTC,BUY_DCA,65759.4,0.172223,0.0
2026-07-23 08:18:45,0.04,BTC,BUY_DCA,65577.1,0.172223,0.0
2026-07-23 11:04:07,0.04,BTC,BUY_DCA,65693.7,0.172223,0.0
2026-07-23 13:40:52,0.04,BTC,BUY_TACTICAL,65041.0,0.172223,0.0
2026-07-23 15:50:15,0.04,BTC,BUY_TACTICAL,64958.6,0.172223,0.0
2026-07-23 17:13:13,0.04,BTC,BUY_TACTICAL,64756.7,0.172223,0.0
2026-07-23 19:04:25,0.04,BTC,BUY_TACTICAL,64900.5,0.172223,0.0
2026-07-23 20:55:15,0.04,BTC,BUY_TACTICAL,65129.4,0.172223,0.0
2026-07-23 22:00:13,0.04,BTC,BUY_TACTICAL,65147.7,0.172223,0.0
2026-07-23 23:02:29,0.04,BTC,BUY_TACTICAL,65186.2,0.172223,0.0
2026-07-24 02:03:51,0.04,BTC,BUY_TACTICAL,65122.0,0.172223,0.0
2026-07-24 05:43:46,0.04,BTC,BUY_TACTICAL,65284.3,0.172223,0.0
2026-07-24 08:13:43,0.04,BTC,BUY_TACTICAL,65443.8,0.172223,0.0
2026-07-24 10:57:06,0.04,BTC,BUY_TACTICAL,64945.8,0.172223,0.0
2026-07-24 12:17:02,0.04,BTC,BUY_TACTICAL,65060.3,0.172223,0.0
2026-07-24 14:48:45,0.04,BTC,BUY_TACTICAL,63749.5,0.172223,0.0
2026-07-24 16:35:24,0.04,BTC,BUY_TACTICAL,64012.7,0.172223,0.0
2026-07-24 18:14:05,0.04,BTC,BUY_TACTICAL,64173.3,0.172223,0.0
2026-07-24 20:14:32,0.04,BTC,BUY_TACTICAL,64203.9,0.172223,0.0
2026-07-24 21:59:24,0.04,BTC,BUY_TACTICAL,64123.4,0.172223,0.0
2026-07-24 23:04:14,0.04,BTC,BUY_DCA,64158.4,0.172223,0.0
2026-07-25 02:03:29,0.04,BTC,BUY_DCA,64068.3,0.172223,0.0
2026-07-25 05:37:55,0.04,BTC,BUY_TACTICAL,64041.3,0.172223,0.0
2026-07-25 07:55:59,0.04,BTC,BUY_DCA,64017.1,0.172223,0.0
2026-07-25 09:41:09,0.04,BTC,BUY_DCA,63932.1,0.172223,0.0
2026-07-25 11:04:28,0.04,BTC,BUY_DCA,64056.9,0.172223,0.0
2026-07-25 13:09:45,0.04,BTC,BUY_DCA,64122.5,0.172223,0.0
2026-07-25 14:57:17,0.04,BTC,BUY_TACTICAL,64211.1,0.172223,0.0
2026-07-25 16:02:33,0.04,BTC,BUY_DCA,64209.1,0.172223,0.0
2026-07-25 17:53:44,0.04,BTC,BUY_TACTICAL,64271.0,0.172223,0.0
2026-07-25 18:57:52,0.04,BTC,BUY_TACTICAL,64427.2,0.172223,0.0
2026-07-25 20:10:28,0.04,BTC,BUY_TACTICAL,64350.6,0.172223,0.0
2026-07-25 21:47:24,0.04,BTC,BUY_TACTICAL,64399.5,0.172223,0.0
2026-07-25 22:47:07,0.04,BTC,SELL_OR_WAIT,64377.6,0.172223,0.0
2026-07-25 23:54:45,0.04,BTC,BUY_TACTICAL,64362.6,0.172223,0.0
2026-07-26 02:08:00,0.04,BTC,BUY_TACTICAL,64433.6,0.172223,0.0
2026-07-26 05:54:12,0.04,BTC,BUY_TACTICAL,64443.1,0.172223,0.0
2026-07-26 08:14:01,0.04,BTC,BUY_DCA,64381.9,0.172223,0.0
2026-07-26 10:39:28,0.04,BTC,BUY_TACTICAL,64543.7,0.172223,0.0
2026-07-26 11:57:38,0.04,BTC,BUY_TACTICAL,64498.6,0.172223,0.0
2026-07-26 13:18:55,0.04,BTC,BUY_TACTICAL,64463.2,0.172223,0.0
2026-07-26 14:58:58,0.04,BTC,BUY_TACTICAL,64709.2,0.172223,0.0
2026-07-26 16:03:15,0.04,BTC,BUY_TACTICAL,64768.5,0.172223,0.0
2026-07-26 17:57:11,0.04,BTC,BUY_TACTICAL,64674.1,0.172223,0.0
2026-07-26 19:06:28,0.04,BTC,BUY_TACTICAL,64721.2,0.172223,0.0
2026-07-26 20:50:11,0.04,BTC,BUY_TACTICAL,64656.1,0.172223,0.0
2026-07-26 21:53:07,0.04,BTC,BUY_TACTICAL,64854.1,0.172223,0.0
2026-07-26 22:54:13,0.04,BTC,BUY_TACTICAL,65427.2,0.172223,0.0
2026-07-26 23:54:58,0.04,BTC,BUY_DCA,65411.3,0.172223,0.0
2026-07-27 02:21:43,0.04,BTC,BUY_TACTICAL,65202.9,0.172223,0.0
2026-07-27 06:22:10,0.04,BTC,BUY_TACTICAL,65526.5,0.172223,0.0
2026-07-27 10:35:44,0.04,BTC,BUY_TACTICAL,65351.2,0.172223,0.0
2026-07-27 13:34:30,0.04,BTC,BUY_TACTICAL,65095.7,0.172223,0.0
2026-07-27 16:11:05,0.04,BTC,BUY_TACTICAL,64675.0,0.172223,0.0
2026-07-27 18:20:12,0.04,BTC,BUY_TACTICAL,64844.5,0.172223,0.0
2026-07-27 20:17:16,0.04,BTC,BUY_TACTICAL,64918.8,0.172223,0.0
2026-07-27 21:59:40,0.04,BTC,BUY_TACTICAL,64811.9,0.172223,0.0
2026-07-27 23:06:55,0.04,BTC,BUY_TACTICAL,63835.4,0.172223,0.0
2026-07-28 01:56:14,0.04,BTC,BUY_TACTICAL,63203.7,0.172223,0.0
2026-07-28 05:10:55,0.04,BTC,BUY_TACTICAL,63474.0,0.172223,0.0
2026-07-28 08:21:59,0.04,BTC,BUY_TACTICAL,63482.2,0.172223,0.0
2026-07-28 11:11:15,0.04,BTC,BUY_DCA,63385.3,0.172223,0.0
2026-07-28 13:48:36,0.04,BTC,SELL_OR_WAIT,62851.2,0.172223,0.0
2026-07-28 16:00:53,0.04,BTC,BUY_TACTICAL,63917.9,0.172223,0.0
2026-07-28 18:07:50,0.04,BTC,BUY_TACTICAL,63729.6,0.172223,0.0
2026-07-28 20:11:29,0.04,BTC,BUY_TACTICAL,63928.4,0.172223,0.0
2026-07-28 21:57:26,0.04,BTC,BUY_TACTICAL,64008.5,0.172223,0.0
2026-07-28 22:56:22,0.04,BTC,BUY_TACTICAL,63827.0,0.172223,0.0
2026-07-28 23:55:11,0.04,BTC,BUY_TACTICAL,63905.2,0.172223,0.0
2026-07-29 01:59:29,0.04,BTC,BUY_TACTICAL,63693.5,0.172223,0.0
2026-07-29 05:25:58,0.04,BTC,BUY_DCA,63955.5,0.172223,0.0
2026-07-29 08:28:26,0.04,BTC,BUY_TACTICAL,64296.0,0.172223,0.0
2026-07-29 11:18:03,0.04,BTC,BUY_TACTICAL,64510.3,0.172223,0.0
2026-07-29 13:54:03,0.04,BTC,BUY_TACTICAL,64486.9,0.172223,0.0
2026-07-29 15:46:31,0.04,BTC,BUY_TACTICAL,63998.2,0.172223,0.0
2026-07-29 17:08:31,0.04,BTC,BUY_TACTICAL,63757.8,0.172223,0.0
2026-07-29 19:03:48,0.04,BTC,BUY_TACTICAL,64506.7,0.172223,0.0
2026-07-29 20:46:30,0.04,BTC,BUY_DCA,63577.8,0.172223,0.0
2026-07-29 21:54:07,0.04,BTC,BUY_TACTICAL,63748.5,0.172223,0.0
2026-07-29 22:55:18,0.04,BTC,BUY_TACTICAL,63927.5,0.172223,0.0
2026-07-29 23:56:34,0.04,BTC,BUY_DCA,63990.6,0.172223,0.0
2026-07-30 01:59:24,0.04,BTC,BUY_TACTICAL,64258.7,0.172223,0.0
2026-07-30 05:12:28,0.04,BTC,BUY_DCA,63968.3,0.172223,0.0
2026-07-30 08:12:30,0.04,BTC,BUY_DCA,64034.8,0.172223,0.0
2026-07-30 11:00:52,0.04,BTC,BUY_TACTICAL,64548.1,0.172223,0.0
2026-07-30 13:43:41,0.04,BTC,BUY_TACTICAL,64900.5,0.172223,0.0
2026-07-30 15:46:42,0.04,BTC,BUY_TACTICAL,64773.0,0.172223,0.0
2026-07-30 17:19:15,0.04,BTC,BUY_TACTICAL,64836.9,0.172223,0.0
2026-07-30 19:15:12,0.04,BTC,BUY_TACTICAL,64831.1,0.172223,0.0
2026-07-30 21:00:29,0.04,BTC,BUY_TACTICAL,64774.3,0.172223,0.0
2026-07-30 22:12:25,0.04,BTC,BUY_TACTICAL,64932.0,0.172223,0.0
2026-07-30 23:57:28,0.04,BTC,BUY_TACTICAL,64778.2,0.172223,0.0
2026-07-31 02:37:57,0.04,BTC,BUY_TACTICAL,64302.0,0.172223,0.0
2026-07-31 05:59:39,0.04,BTC,BUY_TACTICAL,64350.1,0.172223,0.0
2026-07-31 08:55:27,0.04,BTC,BUY_TACTICAL,63817.0,0.172223,0.0
2026-07-31 11:25:04,0.04,BTC,BUY_TACTICAL,63979.7,0.172223,0.0
2026-07-31 13:48:59,0.04,BTC,BUY_TACTICAL,63366.7,0.172223,0.0
2026-07-31 15:58:39,0.04,BTC,BUY_TACTICAL,62729.7,0.172223,0.0
2026-07-31 17:39:35,0.04,BTC,BUY_TACTICAL,63054.4,0.172223,0.0
2026-07-31 19:14:42,0.04,BTC,BUY_TACTICAL,63069.4,0.172223,0.0
2026-07-31 20:57:18,0.04,BTC,BUY_DCA,62933.4,0.172223,0.0
2026-07-31 22:02:35,0.04,BTC,BUY_TACTICAL,62899.8,0.172223,0.0
2026-07-31 23:56:20,0.04,BTC,BUY_TACTICAL,62868.8,0.172223,0.0
2026-08-01 02:14:13,0.04,BTC,BUY_DCA,63022.0,0.172223,0.0
2026-08-01 05:49:07,0.04,BTC,BUY_TACTICAL,63010.5,0.172223,0.0
2026-08-01 08:09:40,0.04,BTC,BUY_DCA,63088.4,0.172223,0.0
2026-08-01 10:29:09,0.04,BTC,BUY_TACTICAL,63034.1,0.172223,0.0
2026-08-01 11:58:24,0.04,BTC,BUY_TACTICAL,63071.4,0.172223,0.0
2026-08-01 13:21:38,0.04,BTC,BUY_DCA,63086.1,0.172223,0.0
2026-08-01 14:54:44,0.04,BTC,BUY_TACTICAL,63098.3,0.172223,0.0
2026-08-01 15:56:01,0.04,BTC,BUY_TACTICAL,63029.0,0.172223,0.0
2026-08-01 16:54:23,0.04,BTC,BUY_DCA,62941.9,0.172223,0.0
2026-08-01 17:56:09,0.04,BTC,BUY_TACTICAL,62699.1,0.172223,0.0
2026-08-01 19:00:43,0.04,BTC,SELL_OR_WAIT,62599.5,0.172223,0.0
2026-08-01 20:12:41,0.04,BTC,BUY_DCA,62545.2,0.172223,0.0
2026-08-01 21:48:11,0.04,BTC,BUY_DCA,62814.7,0.172223,0.0
2026-08-01 22:47:55,0.04,BTC,BUY_DCA,62838.6,0.172223,0.0
2026-08-01 23:52:01,0.04,BTC,BUY_DCA,62814.8,0.172223,0.0
2026-08-02 02:07:00,0.04,BTC,BUY_TACTICAL,63257.6,0.172223,0.0
2026-08-02 05:49:55,0.04,BTC,BUY_TACTICAL,63430.8,0.172223,0.0
2026-08-02 08:11:20,0.04,BTC,SELL_OR_WAIT,63521.5,0.172223,0.0
2026-08-02 10:28:48,0.04,BTC,BUY_TACTICAL,63132.1,0.172223,0.0
2026-08-02 11:57:07,0.04,BTC,BUY_TACTICAL,62994.4,0.172223,0.0
2026-08-02 13:14:44,0.04,BTC,BUY_DCA,63110.6,0.172223,0.0
2026-08-02 14:56:38,0.04,BTC,BUY_TACTICAL,63065.7,0.172223,0.0
2026-08-02 15:57:44,0.04,BTC,BUY_TACTICAL,63105.0,0.172223,0.0
2026-08-02 16:56:41,0.04,BTC,BUY_TACTICAL,63200.0,0.172223,0.0
2026-08-02 17:58:27,0.04,BTC,BUY_DCA,63314.0,0.172223,0.0
2026-08-02 19:10:09,0.04,BTC,BUY_DCA,63354.3,0.172223,0.0
2026-08-02 20:45:15,0.04,BTC,BUY_TACTICAL,63427.3,0.172223,0.0
2026-08-02 21:49:03,0.04,BTC,BUY_TACTICAL,63676.6,0.172223,0.0
2026-08-02 22:49:03,0.04,BTC,BUY_TACTICAL,63463.4,0.172223,0.0
2026-08-02 23:53:09,0.04,BTC,BUY_TACTICAL,63527.8,0.172223,0.0
2026-08-03 02:09:02,0.04,BTC,BUY_TACTICAL,63186.6,0.172223,0.0
2026-08-03 06:14:13,0.04,BTC,BUY_DCA,62852.0,0.172223,0.0
2026-08-03 10:35:49,0.04,BTC,BUY_TACTICAL,62679.8,0.172223,0.0
2026-08-03 13:35:13,0.04,BTC,BUY_DCA,62741.3,0.172223,0.0
2026-08-03 16:16:47,0.04,BTC,BUY_TACTICAL,63886.1,0.172223,0.0
2026-08-03 18:45:20,0.04,BTC,BUY_TACTICAL,63848.8,0.172223,0.0
2026-08-03 20:22:10,0.04,BTC,BUY_TACTICAL,63987.5,0.172223,0.0
2026-08-03 22:02:05,0.04,BTC,BUY_TACTICAL,63589.7,0.172223,0.0
2026-08-04 00:02:54,0.04,BTC,BUY_TACTICAL,63532.0,0.172223,0.0
2026-08-04 04:06:56,0.04,BTC,BUY_TACTICAL,63763.0,0.172223,0.0
2026-08-04 07:32:14,0.04,BTC,BUY_DCA,63671.6,0.172223,0.0
2026-08-04 10:30:21,0.04,BTC,BUY_TACTICAL,63487.1,0.172223,0.0
2026-08-04 12:54:51,0.04,BTC,BUY_TACTICAL,63960.7,0.172223,0.0
2026-08-04 15:20:04,0.04,BTC,BUY_TACTICAL,64033.2,0.172223,0.0
2026-08-04 17:38:40,0.04,BTC,BUY_TACTICAL,64128.4,0.172223,0.0
2026-08-04 19:21:55,0.04,BTC,BUY_TACTICAL,64316.5,0.172223,0.0
2026-08-04 21:04:29,0.04,BTC,BUY_TACTICAL,64311.5,0.172223,0.0
2026-08-04 22:56:09,0.04,BTC,BUY_TACTICAL,64222.7,0.172223,0.0
2026-08-04 23:58:40,0.04,BTC,BUY_TACTICAL,64108.2,0.172223,0.0
2026-08-05 02:36:18,0.04,BTC,BUY_TACTICAL,64451.3,0.172223,0.0
2026-08-05 05:40:20,0.04,BTC,BUY_TACTICAL,64364.4,0.172223,0.0
2026-08-05 08:25:02,0.04,BTC,BUY_TACTICAL,64211.4,0.172223,0.0
2026-08-05 11:14:38,0.04,BTC,BUY_TACTICAL,64090.0,0.172223,0.0
2026-08-05 13:51:28,0.04,BTC,BUY_TACTICAL,64243.2,0.172223,0.0
2026-08-05 15:57:40,0.04,BTC,BUY_TACTICAL,64390.8,0.172223,0.0
2026-08-05 17:27:42,0.04,BTC,BUY_TACTICAL,64608.5,0.172223,0.0
2026-08-05 19:20:18,0.04,BTC,BUY_TACTICAL,64872.2,0.172223,0.0
2026-08-05 21:00:44,0.04,BTC,BUY_TACTICAL,64823.7,0.172223,0.0
2026-08-05 22:51:57,0.04,BTC,BUY_TACTICAL,64681.6,0.172223,0.0
2026-08-05 23:54:21,0.04,BTC,BUY_TACTICAL,64669.0,0.172223,0.0
2026-08-06 01:57:25,0.04,BTC,BUY_TACTICAL,64608.9,0.172223,0.0
2026-08-06 05:15:30,0.04,BTC,BUY_TACTICAL,64920.3,0.172223,0.0
2026-08-06 08:22:56,0.04,BTC,BUY_TACTICAL,64826.5,0.172223,0.0
2026-08-06 11:14:33,0.04,BTC,BUY_TACTICAL,64584.8,0.172223,0.0
2026-08-06 13:49:07,0.04,BTC,BUY_TACTICAL,64462.1,0.172223,0.0
2026-08-07 00:37:26,0.04,BTC,BUY_TACTICAL,64329.7,0.172223,0.0
2026-08-07 03:44:46,0.04,BTC,BUY_TACTICAL,64360.5,0.172223,0.0
